"","id","effect","type","model"
"689",1,1.14793302690388,"T","rcs"
"690",2,1.14670046598127,"T","rcs"
"691",3,1.12529498026485,"T","rcs"
"692",4,1.10922802237571,"T","rcs"
"693",5,1.47634589740039,"T","rcs"
"694",6,1.23482774188088,"T","rcs"
"695",7,1.51954541755653,"T","rcs"
"696",8,1.27247237989387,"T","rcs"
"697",9,1.17097866561134,"T","rcs"
"698",10,1.12612687994246,"T","rcs"
"699",11,1.08131893061103,"T","rcs"
"700",12,1.09252794184238,"T","rcs"
"701",13,1.0918283665165,"T","rcs"
"702",14,1.08861731865402,"T","rcs"
"703",15,1.08504123898652,"T","rcs"
"704",16,1.07381457979734,"T","rcs"
"705",17,1.0897764937639,"T","rcs"
"706",18,1.07898859143202,"T","rcs"
"707",19,1.08929509776433,"T","rcs"
"708",20,1.08022749446085,"T","rcs"
"709",21,1.05982934567218,"T","rcs"
"710",22,1.05811811341028,"T","rcs"
"711",23,1.04032272942168,"T","rcs"
"712",24,1.04262547361592,"T","rcs"
"713",25,1.04114294292929,"T","rcs"
"714",26,1.0357274543726,"T","rcs"
"715",27,1.29462276646616,"T","rcs"
"716",28,1.13630763720124,"T","rcs"
"717",29,1.09160775380326,"T","rcs"
"718",30,1.07034430668335,"T","rcs"
"719",31,1.2845715682546,"T","rcs"
"720",32,1.13331948008081,"T","rcs"
"721",33,1.08005468382858,"T","rcs"
"722",34,1.05335414280469,"T","rcs"
"723",35,1.01570822390427,"T","rcs"
"724",36,1.02574293081021,"T","rcs"
"725",37,1.02429143894245,"T","rcs"
"726",38,1.02991451281895,"T","rcs"
"727",39,1.03793776472197,"T","rcs"
"728",40,1.01986996807628,"T","rcs"
"729",41,1.00082005186395,"T","rcs"
"730",42,1.245994316566,"T","rcs"
"731",43,1.09776379936467,"T","rcs"
"732",44,1.06101878112937,"T","rcs"
"733",45,1.02863959976744,"T","rcs"
"734",46,1.02069889945605,"T","rcs"
"735",47,1.21593803510769,"T","rcs"
"736",48,1.10916646027719,"T","rcs"
"737",49,1.07436019222015,"T","rcs"
"738",50,1.24124482507902,"T","rcs"
"739",51,1.11897335148409,"T","rcs"
"740",52,1.07219822150959,"T","rcs"
"741",53,1.06130851650837,"T","rcs"
"742",54,1.04311295394234,"T","rcs"
"743",55,1.03251114487232,"T","rcs"
"744",56,1.03658418932336,"T","rcs"
"745",57,1.21156180948218,"T","rcs"
"746",58,1.09570036875416,"T","rcs"
"747",59,1.06614286241088,"T","rcs"
"748",60,1.05415234905784,"T","rcs"
"749",61,1.20185504247837,"T","rcs"
"750",62,1.11197271794684,"T","rcs"
"751",63,1.06947556626317,"T","rcs"
"752",64,1.0582602470513,"T","rcs"
"753",65,1.03026624238754,"T","rcs"
"754",66,1.03492920690811,"T","rcs"
"755",67,1.01887032063958,"T","rcs"
"756",68,1.02303488571832,"T","rcs"
"757",69,1.01643668806279,"T","rcs"
"758",70,1.01217076658871,"T","rcs"
"759",71,1.01213559478679,"T","rcs"
"760",72,1.0201803895022,"T","rcs"
"761",73,1.02180519589621,"T","rcs"
"762",74,1.00731680378065,"T","rcs"
"763",75,0.993825835355091,"T","rcs"
"764",76,1.15754331848656,"T","rcs"
"765",77,1.06635003437758,"T","rcs"
"766",78,1.03234833758593,"T","rcs"
"767",79,1.03268915446655,"T","rcs"
"768",80,1.01062325328191,"T","rcs"
"769",81,1.18562144886056,"T","rcs"
"770",82,1.07984725081787,"T","rcs"
"771",83,1.04613602304425,"T","rcs"
"772",84,1.02949433057502,"T","rcs"
"773",85,1.02471761463572,"T","rcs"
"774",86,1.00758201289401,"T","rcs"
"775",87,1.00161148565458,"T","rcs"
"776",88,1.00907354759538,"T","rcs"
"777",89,1.01778720987353,"T","rcs"
"778",90,1.00104334969275,"T","rcs"
"779",91,1.00776518200823,"T","rcs"
"780",92,1.00298191327599,"T","rcs"
"781",93,1.01288440680086,"T","rcs"
"782",94,1.00305288905374,"T","rcs"
"783",95,1.00032862841185,"T","rcs"
"784",96,1.0079209831406,"T","rcs"
"785",97,0.998384803626882,"T","rcs"
"786",98,1.16181509718959,"T","rcs"
"787",99,1.06770927835448,"T","rcs"
"788",100,1.0368678794206,"T","rcs"
"789",101,1.01142998575956,"T","rcs"
"790",102,1.05636059221784,"T","rcs"
"791",103,1.0339224216944,"T","rcs"
"792",104,1.16126537616177,"T","rcs"
"793",105,1.05850353969508,"T","rcs"
"794",106,1.03977270976003,"T","rcs"
"795",107,1.16647502527505,"T","rcs"
"796",108,1.07302169402031,"T","rcs"
"797",109,1.03945383947988,"T","rcs"
"798",110,1.03038564635649,"T","rcs"
"799",111,1.01009165077403,"T","rcs"
"800",112,1.00880964933194,"T","rcs"
"801",113,1.0314289553795,"T","rcs"
"802",114,1.01171140212455,"T","rcs"
"803",115,1.02644655257363,"T","rcs"
"804",116,1.15188028652172,"T","rcs"
"805",117,1.07126792762196,"T","rcs"
"806",118,1.04623121522539,"T","rcs"
"807",119,1.04295931248619,"T","rcs"
"808",120,1.00955222670401,"T","rcs"
"809",121,1.00045752338306,"T","rcs"
"810",122,1.13189012784425,"T","rcs"
"811",123,1.05846265290557,"T","rcs"
"812",124,1.03584642621177,"T","rcs"
"813",125,1.0379817500463,"T","rcs"
"814",126,1.00559987098038,"T","rcs"
"815",127,1.01132256205312,"T","rcs"
"816",128,1.13062571881527,"T","rcs"
"817",129,1.1685968166821,"T","rcs"
"818",130,1.1941547532736,"T","rcs"
"819",131,1.09461666507332,"T","rcs"
"820",132,1.05873748320061,"T","rcs"
"821",133,1.15662715743785,"T","rcs"
"822",134,1.06062642579784,"T","rcs"
"823",135,1.0441720253985,"T","rcs"
"824",136,1.03794148591348,"T","rcs"
"825",137,1.02456787223068,"T","rcs"
"826",138,1.02179882627305,"T","rcs"
"827",139,1.02787324702755,"T","rcs"
"828",140,1.02433351690024,"T","rcs"
"829",141,1.01674831444341,"T","rcs"
"830",142,1.02201917895863,"T","rcs"
"831",143,1.01880525302955,"T","rcs"
"832",144,1.11696523320421,"T","rcs"
"833",145,1.05279603791614,"T","rcs"
"834",146,1.02292108328214,"T","rcs"
"835",147,1.02487039049047,"T","rcs"
"836",148,1.00044389646998,"T","rcs"
"837",149,1.00741284903381,"T","rcs"
"838",150,0.997724139876899,"T","rcs"
"839",151,0.992756283731826,"T","rcs"
"840",152,0.993343144182698,"T","rcs"
"841",153,1.00123983444375,"T","rcs"
"842",154,0.980715276901378,"T","rcs"
"843",155,0.980790762056087,"T","rcs"
"844",156,0.988256525290875,"T","rcs"
"845",157,0.989971929119401,"T","rcs"
"846",158,0.973399184696341,"T","rcs"
"847",159,1.09105589983201,"T","rcs"
"848",160,1.13636417896238,"T","rcs"
"849",161,1.06183614317117,"T","rcs"
"850",162,1.02810798331661,"T","rcs"
"851",163,1.11420279097656,"T","rcs"
"852",164,1.14347079708553,"T","rcs"
"853",165,1.0742646325296,"T","rcs"
"854",166,1.02643133617689,"T","rcs"
"855",167,1.03436124084024,"T","rcs"
"856",168,1.01629121962438,"T","rcs"
"857",169,1.10727296477594,"T","rcs"
"858",170,1.24961511213361,"T","rcs"
"859",171,1.11960079528696,"T","rcs"
"860",172,1.083474225958,"T","rcs"
"861",173,1.05340761171763,"T","rcs"
"862",174,1.02715660432513,"T","rcs"
"863",175,1.03681822977033,"T","rcs"
"864",176,1.10793276741196,"T","rcs"
"865",177,1.05090989615162,"T","rcs"
"866",178,1.0349076695663,"T","rcs"
"867",179,1.03348308427694,"T","rcs"
"868",180,1.01448591066797,"T","rcs"
"869",181,1.01432542313428,"T","rcs"
"870",182,1.17735861693391,"T","rcs"
"871",183,1.16018144229185,"T","rcs"
"872",184,1.16966147320407,"T","rcs"
"873",185,1.09890722047476,"T","rcs"
"874",186,1.12627449651703,"T","rcs"
"875",187,1.06916760188876,"T","rcs"
"876",188,1.11606667800387,"T","rcs"
"877",189,1.13275552318418,"T","rcs"
"878",190,1.0670953441461,"T","rcs"
"879",191,1.05866210702696,"T","rcs"
"880",192,1.11517807621443,"T","rcs"
"881",193,1.05742078009031,"T","rcs"
"882",194,1.0476167526206,"T","rcs"
"883",195,1.03746621750928,"T","rcs"
"884",196,1.10665153883934,"T","rcs"
"885",197,1.06297329229843,"T","rcs"
"886",198,1.04201874285404,"T","rcs"
"887",199,1.17875522160999,"T","rcs"
"888",200,1.21413041477274,"T","rcs"
"889",201,1.1231634096217,"T","rcs"
"890",202,1.09821149018564,"T","rcs"
"891",203,1.06249974181405,"T","rcs"
"892",204,1.0435151866823,"T","rcs"
"893",205,1.09707525044185,"T","rcs"
"894",206,1.05405468566098,"T","rcs"
"895",207,1.03967077554327,"T","rcs"
"896",208,1.17168217196992,"T","rcs"
"897",209,1.15099723878848,"T","rcs"
"898",210,1.09112519309136,"T","rcs"
"899",211,1.06437136641754,"T","rcs"
"900",212,1.09648772612304,"T","rcs"
"901",213,1.05242108199684,"T","rcs"
"902",214,1.04615053735162,"T","rcs"
"903",215,1.03905274911432,"T","rcs"
"904",216,1.03203707384765,"T","rcs"
"905",217,1.02505677707523,"T","rcs"
"906",218,1.01380537097733,"T","rcs"
"907",219,1.01433724842789,"T","rcs"
"908",220,1.01421959178282,"T","rcs"
"909",221,1.01532888140462,"T","rcs"
"910",222,1.05933982519747,"T","rcs"
"911",223,1.03063964250563,"T","rcs"
"912",224,1.19885229393713,"T","rcs"
"913",225,1.07952967987426,"T","rcs"
"914",226,1.10693841402956,"T","rcs"
"915",227,1.12588161763159,"T","rcs"
"916",228,1.05886669207702,"T","rcs"
"917",229,1.03549527818925,"T","rcs"
"918",230,1.02059158243426,"T","rcs"
"919",231,1.07529036830318,"T","rcs"
"920",232,1.04243671766312,"T","rcs"
"921",233,1.02916664991454,"T","rcs"
"922",234,1.02476708020628,"T","rcs"
"923",235,1.06667758013593,"T","rcs"
"924",236,1.03750574442165,"T","rcs"
"925",237,1.02208845403637,"T","rcs"
"926",238,1.02029261255113,"T","rcs"
"927",239,1.0204461090635,"T","rcs"
"928",240,1.01083511292582,"T","rcs"
"929",241,1.00141636717931,"T","rcs"
"930",242,1.05288791198572,"T","rcs"
"931",243,1.0207351340075,"T","rcs"
"932",244,1.0131269021837,"T","rcs"
"933",245,1.00658202880051,"T","rcs"
"934",246,0.991538110180214,"T","rcs"
"935",247,0.992699284501219,"T","rcs"
"936",248,0.98497131916853,"T","rcs"
"937",249,0.981968187214503,"T","rcs"
"938",250,0.984342698553016,"T","rcs"
"939",251,0.982835502682469,"T","rcs"
"940",252,0.975495505704636,"T","rcs"
"941",253,0.97058157464305,"T","rcs"
"942",254,0.972989481867475,"T","rcs"
"943",255,0.975210517781281,"T","rcs"
"944",256,0.970390144689681,"T","rcs"
"945",257,0.97467963100968,"T","rcs"
"946",258,1.02909085880307,"T","rcs"
"947",259,0.995351201796825,"T","rcs"
"948",260,0.972513794270401,"T","rcs"
"949",261,0.972617973295748,"T","rcs"
"950",262,0.970444442387681,"T","rcs"
"951",263,0.97164630947747,"T","rcs"
"952",264,0.970631007226611,"T","rcs"
"953",265,1.02107494797126,"T","rcs"
"954",266,0.986349051084982,"T","rcs"
"955",267,0.978609997354638,"T","rcs"
"956",268,0.981556707060364,"T","rcs"
"957",269,0.976104622263021,"T","rcs"
"958",270,0.972802759921093,"T","rcs"
"959",271,0.96533028393159,"T","rcs"
"960",272,0.96131667809539,"T","rcs"
"961",273,1.01257660926095,"T","rcs"
"962",274,0.994105429216508,"T","rcs"
"963",275,0.976469648735839,"T","rcs"
"964",276,0.979808597350934,"T","rcs"
"965",277,0.965874433061448,"T","rcs"
"966",278,0.964645931642151,"T","rcs"
"967",279,0.959818500548907,"T","rcs"
"968",280,0.968830900710886,"T","rcs"
"969",281,0.96233289603544,"T","rcs"
"970",282,0.95491794201288,"T","rcs"
"971",283,0.956732695260931,"T","rcs"
"972",284,0.951135953308065,"T","rcs"
"973",285,0.949754752010865,"T","rcs"
"974",286,0.957079112894699,"T","rcs"
"975",287,0.948123980741302,"T","rcs"
"976",288,0.959159234123539,"T","rcs"
"977",289,0.943142418256756,"T","rcs"
"978",290,0.953279911158264,"T","rcs"
"979",291,0.95011365491043,"T","rcs"
"980",292,0.953254495649018,"T","rcs"
"981",293,0.954432856828534,"T","rcs"
"982",294,0.949590077547512,"T","rcs"
"983",295,0.945294110010247,"T","rcs"
"984",296,0.951091832895542,"T","rcs"
"985",297,0.95210761937607,"T","rcs"
"986",298,0.945947895976523,"T","rcs"
"987",299,0.952261785900133,"T","rcs"
"988",300,0.952073651873312,"T","rcs"
"989",301,0.952549840541703,"T","rcs"
"990",302,0.953234039697722,"T","rcs"
"991",303,0.947089463666272,"T","rcs"
"992",304,0.951052653290259,"T","rcs"
"993",305,0.937506467195532,"T","rcs"
"994",306,0.945207030486474,"T","rcs"
"995",307,0.945617816521922,"T","rcs"
"996",308,0.947045527456583,"T","rcs"
"997",309,0.93646259498345,"T","rcs"
"998",310,0.956968312468986,"T","rcs"
"999",311,1.01148589975641,"T","rcs"
"1000",312,0.982185258378647,"T","rcs"
"1001",313,0.951796109190211,"T","rcs"
"1002",314,0.960089870322563,"T","rcs"
"1003",315,0.94928794609748,"T","rcs"
"1004",316,0.958322113010965,"T","rcs"
"1005",317,0.953083038257167,"T","rcs"
"1006",318,0.962513870319278,"T","rcs"
"1007",319,0.952526709221231,"T","rcs"
"1008",320,1.00985289429038,"T","rcs"
"1009",321,0.977891872526813,"T","rcs"
"1010",322,0.976777118964371,"T","rcs"
"1011",323,0.965440162636835,"T","rcs"
"1012",324,0.95674216563014,"T","rcs"
"1013",325,0.951766553842902,"T","rcs"
"1014",326,0.959805019689129,"T","rcs"
"1015",327,0.94500775204072,"T","rcs"
"1016",328,0.952148030587998,"T","rcs"
"1017",329,0.942904466471755,"T","rcs"
"1018",330,0.943686029393311,"T","rcs"
"1019",331,0.944154956648053,"T","rcs"
"1020",332,0.943705807775079,"T","rcs"
"1021",333,0.942934183546286,"T","rcs"
"1022",334,0.950068100976208,"T","rcs"
"1023",335,1.02092831892471,"T","rcs"
"1024",336,0.978622368223669,"T","rcs"
"1025",337,0.960743022374866,"T","rcs"
"1026",338,0.957313744644487,"T","rcs"
"1027",339,0.948393288638568,"T","rcs"
"1028",340,1.02803798046475,"T","rcs"
"1029",341,1.0605566256646,"T","rcs"
"1030",342,1.01049771375507,"T","rcs"
"1031",343,0.976932670930156,"T","rcs"
"1032",344,0.977591053827369,"T","rcs"
"1033",345,0.974312450045619,"T","rcs"
"1034",346,0.978438534757128,"T","rcs"
"1035",347,0.956678119997237,"T","rcs"
"1036",348,0.962214456115762,"T","rcs"
"1037",349,0.960702000701671,"T","rcs"
"1038",350,0.968310690718067,"T","rcs"
"1039",351,1.03261632326558,"T","rcs"
"1040",352,1.07244474519032,"T","rcs"
"1041",353,1.01539610344787,"T","rcs"
"1042",354,1.00391742210154,"T","rcs"
"1043",355,0.98385484495143,"T","rcs"
"1044",356,0.97986520940955,"T","rcs"
"1045",357,0.964883088020439,"T","rcs"
"1046",358,0.970111376183005,"T","rcs"
"1047",359,0.976933613907865,"T","rcs"
"1048",360,1.05220491554096,"T","rcs"
"1049",361,1.07696875758571,"T","rcs"
"1050",362,1.02982265447557,"T","rcs"
"1051",363,1.01222431133212,"T","rcs"
"1052",364,0.990649296922234,"T","rcs"
"1053",365,0.980567377344518,"T","rcs"
"1054",366,0.986495875672462,"T","rcs"
"1055",367,0.982387284529855,"T","rcs"
"1056",368,0.971122795110746,"T","rcs"
"1057",369,0.965847689695739,"T","rcs"
"1058",370,0.965492363187645,"T","rcs"
"1059",371,0.964029558508091,"T","rcs"
"1060",372,0.972620468618557,"T","rcs"
"1061",373,0.963300190640085,"T","rcs"
"1062",374,1.03872469155539,"T","rcs"
"1063",375,0.998802277751623,"T","rcs"
"1064",376,0.976855438317762,"T","rcs"
"1065",377,0.96942177662045,"T","rcs"
"1066",378,0.965390218888642,"T","rcs"
"1067",379,0.977500332577464,"T","rcs"
"1068",380,0.955432852754262,"T","rcs"
"1069",381,1.04375218075119,"T","rcs"
"1070",382,0.994814889346049,"T","rcs"
"1071",383,0.991612849370613,"T","rcs"
"1072",384,0.977330465547514,"T","rcs"
"1073",385,0.966638930580964,"T","rcs"
"1074",386,1.06646676147422,"T","rcs"
"1075",387,0.995259973466932,"T","rcs"
"1076",388,0.969808896721376,"T","rcs"
"1077",389,0.962872539813934,"T","rcs"
"1078",390,0.95902983616803,"T","rcs"
"1079",391,1.06580724766362,"T","rcs"
"1080",392,1.00643384086929,"T","rcs"
"1081",393,0.988989878232894,"T","rcs"
"1082",394,0.977721103868015,"T","rcs"
"1083",395,0.972763615559917,"T","rcs"
"1084",396,0.968094624721771,"T","rcs"
"1085",397,1.04598174215494,"T","rcs"
"1086",398,1.00744289599296,"T","rcs"
"1087",399,0.990061806224962,"T","rcs"
"1088",400,0.973197438104747,"T","rcs"
"1089",401,1.05873205010777,"T","rcs"
"1090",402,1.07773907523882,"T","rcs"
"1091",403,1.02635625230476,"T","rcs"
"1092",404,1.08155416693184,"T","rcs"
"1093",405,1.03164320845568,"T","rcs"
"1094",406,1.08823449460375,"T","rcs"
"1095",407,1.02437013932061,"T","rcs"
"1096",408,1.00952373538359,"T","rcs"
"1097",409,1.00185570936133,"T","rcs"
"1098",410,0.999486836844342,"T","rcs"
"1099",411,1.07383254710772,"T","rcs"
"1100",412,1.02708696432116,"T","rcs"
"1101",413,1.00913910038424,"T","rcs"
"1102",414,1.01075540771125,"T","rcs"
"1103",415,1.06917444907537,"T","rcs"
"1104",416,1.0218389381824,"T","rcs"
"1105",417,1.01122464782867,"T","rcs"
"1106",418,1.01441432533072,"T","rcs"
"1107",419,1.00989264486692,"T","rcs"
"1108",420,1.00055157084741,"T","rcs"
"1109",421,0.994997408990867,"T","rcs"
"1110",422,0.975847619449535,"T","rcs"
"1111",423,0.993934591060164,"T","rcs"
"1112",424,0.9840392643999,"T","rcs"
"1113",425,0.972205553576082,"T","rcs"
"1114",426,0.984636492899837,"T","rcs"
"1115",427,1.07042275165967,"T","rcs"
"1116",428,1.09176161312068,"T","rcs"
"1117",429,1.02129711281457,"T","rcs"
"1118",430,1.010371313737,"T","rcs"
"1119",431,0.990166775164472,"T","rcs"
"1120",432,0.977819997174481,"T","rcs"
"1121",433,0.975145553416227,"T","rcs"
"1122",434,0.985851045786425,"T","rcs"
"1123",435,0.984427355418729,"T","rcs"
"1124",436,1.14020739284682,"T","rcs"
"1125",437,1.06048932115257,"T","rcs"
"1126",438,1.02825545592337,"T","rcs"
"1127",439,1.09031505101966,"T","rcs"
"1128",440,1.03129897680929,"T","rcs"
"1129",441,1.0873957871436,"T","rcs"
"1130",442,1.03715719863394,"T","rcs"
"1131",443,1.22365592035644,"T","rcs"
"1132",444,1.09155384391669,"T","rcs"
"1133",445,1.12242622351049,"T","rcs"
"1134",446,1.07375143573529,"T","rcs"
"1135",447,1.10080124725146,"T","rcs"
"1136",448,1.06517741057853,"T","rcs"
"1137",449,1.10092716458007,"T","rcs"
"1138",450,1.06003743364051,"T","rcs"
"1139",451,1.09087176798721,"T","rcs"
"1140",452,1.05932726589393,"T","rcs"
"1141",453,1.22430230831882,"T","rcs"
"1142",454,1.17596455223949,"T","rcs"
"1143",455,1.10183759395552,"T","rcs"
"1144",456,1.12120452530749,"T","rcs"
"1145",457,1.06807209392312,"T","rcs"
"1146",458,1.0490662530403,"T","rcs"
"1147",459,1.09837867674455,"T","rcs"
"1148",460,1.12062763247098,"T","rcs"
"1149",461,1.07747275803553,"T","rcs"
"1150",462,1.1145069568001,"T","rcs"
"1151",463,1.06872325226144,"T","rcs"
"1152",464,1.04459109604965,"T","rcs"
"1153",465,1.15028625464002,"T","rcs"
"1154",466,1.08648737706058,"T","rcs"
"1155",467,1.06542823090858,"T","rcs"
"1156",468,1.12276469259204,"T","rcs"
"1157",469,1.06798157698934,"T","rcs"
"1158",470,1.11436950198642,"T","rcs"
"1159",471,1.0755942768629,"T","rcs"
"1160",472,1.05225487636296,"T","rcs"
"1161",473,1.0498247241403,"T","rcs"
"1162",474,1.03654633781071,"T","rcs"
"1163",475,1.03091719035068,"T","rcs"
"1164",476,1.02636674213722,"T","rcs"
"1165",477,1.08412420168151,"T","rcs"
"1166",478,1.10267724627724,"T","rcs"
"1167",479,1.04928624221213,"T","rcs"
"1168",480,1.04341367598274,"T","rcs"
"1169",481,1.02972246210976,"T","rcs"
"1170",482,1.01656219055214,"T","rcs"
"1171",483,1.00337186467832,"T","rcs"
"1172",484,1.00562387908191,"T","rcs"
"1173",485,1.05864543787353,"T","rcs"
"1174",486,1.0317585785904,"T","rcs"
"1175",487,1.06808002438684,"T","rcs"
"1176",488,1.09839378831925,"T","rcs"
"1177",489,1.03952635245845,"T","rcs"
"1178",490,1.03196887674691,"T","rcs"
"1179",491,1.06349707929684,"T","rcs"
"1180",492,1.03405982720773,"T","rcs"
"1181",493,1.02380995375224,"T","rcs"
"1182",494,1.02156074285942,"T","rcs"
"1183",495,1.01231191897996,"T","rcs"
"1184",496,1.01326754832805,"T","rcs"
"1185",497,1.07002033512211,"T","rcs"
"1186",498,1.03526702035575,"T","rcs"
"1187",499,1.0189925166343,"T","rcs"
"1188",500,1.01355481690875,"T","rcs"
"1189",501,0.994277948439387,"T","rcs"
"1190",502,1.01478476953346,"T","rcs"
"1191",503,0.998455234473026,"T","rcs"
"1192",504,0.996290071678031,"T","rcs"
"1193",505,0.99727170054346,"T","rcs"
"1194",506,0.988455265988562,"T","rcs"
"1195",507,0.984731401478458,"T","rcs"
"1196",508,1.03309180689889,"T","rcs"
"1197",509,1.00873532644601,"T","rcs"
"1198",510,1.05185613318672,"T","rcs"
"1199",511,1.02063478468354,"T","rcs"
"1200",512,1.06133609821035,"T","rcs"
"1201",513,1.00900451119004,"T","rcs"
"1202",514,0.995642834072826,"T","rcs"
"1203",515,0.990395118046886,"T","rcs"
"1204",516,1.08989109014501,"T","rcs"
"1205",517,1.02532539256818,"T","rcs"
"1206",518,1.0061233631077,"T","rcs"
"1207",519,1.00294293763071,"T","rcs"
"1208",520,0.996081244375041,"T","rcs"
"1209",521,0.98355147287492,"T","rcs"
"1210",522,0.997950228389365,"T","rcs"
"1211",523,0.984126966875766,"T","rcs"
"1212",524,0.983832179783943,"T","rcs"
"1213",525,0.977293236523684,"T","rcs"
"1214",526,0.977241602942164,"T","rcs"
"1215",527,0.97859512091038,"T","rcs"
"1216",528,1.03066299125806,"T","rcs"
"1217",529,1.00266088389685,"T","rcs"
"1218",530,0.99419632999224,"T","rcs"
"1219",531,0.988914637329031,"T","rcs"
"1220",532,0.976073455745095,"T","rcs"
"1221",533,0.972903386230426,"T","rcs"
"1222",534,0.976746145116762,"T","rcs"
"1223",535,0.962333978804745,"T","rcs"
"1224",536,0.976683980025062,"T","rcs"
"1225",537,0.972373386511497,"T","rcs"
"1226",538,0.965272502433568,"T","rcs"
"1227",539,0.968825445369034,"T","rcs"
"1228",540,0.966674504249248,"T","rcs"
"1229",541,1.01781203228567,"T","rcs"
"1230",542,0.982105303996819,"T","rcs"
"1231",543,1.03205081270592,"T","rcs"
"1232",544,0.999537885789171,"T","rcs"
"1233",545,0.994024087836983,"T","rcs"
"1234",546,0.978260693991389,"T","rcs"
"1235",547,0.969729702977927,"T","rcs"
"1236",548,0.969483982985471,"T","rcs"
"1237",549,0.972996170958224,"T","rcs"
"1238",550,0.965116502717825,"T","rcs"
"1239",551,0.973964865059774,"T","rcs"
"1240",552,0.963318634627789,"T","rcs"
"1241",553,0.97711712858034,"T","rcs"
"1242",554,1.03104881018374,"T","rcs"
"1243",555,0.993640776900169,"T","rcs"
"1244",556,0.981131755286525,"T","rcs"
"1245",557,1.02969194993827,"T","rcs"
"1246",558,0.989309351155881,"T","rcs"
"1247",559,0.980942807980093,"T","rcs"
"1248",560,0.971897969857983,"T","rcs"
"1249",561,0.972098512549577,"T","rcs"
"1250",562,0.970050406769607,"T","rcs"
"1251",563,0.970652988104301,"T","rcs"
"1252",564,0.960307627004155,"T","rcs"
"1253",565,0.959828749016736,"T","rcs"
"1254",566,0.9617483065784,"T","rcs"
"1255",567,0.963384009199834,"T","rcs"
"1256",568,0.955320077556882,"T","rcs"
"1257",569,1.01443593422887,"T","rcs"
"1258",570,0.969859226945217,"T","rcs"
"1259",571,1.02692579304371,"T","rcs"
"1260",572,0.985051024849448,"T","rcs"
"1261",573,0.97405236285988,"T","rcs"
"1262",574,0.972280406786544,"T","rcs"
"1263",575,0.969594528125751,"T","rcs"
"1264",576,0.971790486535972,"T","rcs"
"1265",577,0.967424549384241,"T","rcs"
"1266",578,0.969114083351037,"T","rcs"
"1267",579,0.974279360756732,"T","rcs"
"1268",580,0.963324860871479,"T","rcs"
"1269",581,0.97157446312329,"T","rcs"
"1270",582,0.957887020598517,"T","rcs"
"1271",583,0.972612467012107,"T","rcs"
"1272",584,0.958148689353725,"T","rcs"
"1273",585,0.969584358734836,"T","rcs"
"1274",586,0.96142372665203,"T","rcs"
"1275",587,0.968636177529932,"T","rcs"
"1276",588,0.960494998248869,"T","rcs"
"1277",589,0.962439710185262,"T","rcs"
"1278",590,0.95401594050569,"T","rcs"
"1279",591,0.955991139177847,"T","rcs"
"1280",592,1.00137427851722,"T","rcs"
"1281",593,0.979806993892081,"T","rcs"
"1282",594,0.967400658819195,"T","rcs"
"1283",595,0.968116944059406,"T","rcs"
"1284",596,0.961022855759693,"T","rcs"
"1285",597,0.955704924015902,"T","rcs"
"1286",598,0.951182491377808,"T","rcs"
"1287",599,0.949243906897161,"T","rcs"
"1288",600,0.998579724748558,"T","rcs"
"1289",601,0.977786973975225,"T","rcs"
"1290",602,0.964381821225464,"T","rcs"
"1291",603,0.960578769937971,"T","rcs"
"1292",604,0.948259241039571,"T","rcs"
"1293",605,0.955827601636419,"T","rcs"
"1294",606,0.949171056322688,"T","rcs"
"1295",607,0.954968674909462,"T","rcs"
"1296",608,0.952370687057812,"T","rcs"
"1297",609,0.95368899573432,"T","rcs"
"1298",610,0.950466369586728,"T","rcs"
"1299",611,1.00087334575648,"T","rcs"
"1300",612,0.965174384761667,"T","rcs"
"1301",613,0.958610464010575,"T","rcs"
"1302",614,0.947233832752024,"T","rcs"
"1303",615,0.948085436403974,"T","rcs"
"1304",616,0.948385261233481,"T","rcs"
"1305",617,0.997355898245446,"T","rcs"
"1306",618,0.973080606783145,"T","rcs"
"1307",619,0.959421644675619,"T","rcs"
"1308",620,1.01304369959851,"T","rcs"
"1309",621,1.07658980615256,"T","rcs"
"1310",622,1.00424710904535,"T","rcs"
"1311",623,1.00380308516566,"T","rcs"
"1312",624,0.979697228078646,"T","rcs"
"1313",625,0.971014123185129,"T","rcs"
"1314",626,0.967912705537939,"T","rcs"
"1315",627,0.972895884926714,"T","rcs"
"1316",628,1.01525884472217,"T","rcs"
"1317",629,0.98245507643146,"T","rcs"
"1318",630,0.981578638171521,"T","rcs"
"1319",631,0.974266551061072,"T","rcs"
"1320",632,1.0110660240879,"T","rcs"
"1321",633,0.986033985326872,"T","rcs"
"1322",634,0.980188712916726,"T","rcs"
"1323",635,0.982158983418577,"T","rcs"
"1324",636,1.01429113748623,"T","rcs"
"1325",637,0.990257484621068,"T","rcs"
"1326",638,0.990611852207377,"T","rcs"
"1327",639,0.977095483025354,"T","rcs"
"1328",640,0.970044058392486,"T","rcs"
"1329",641,0.965549152376748,"T","rcs"
"1330",642,0.966665407974223,"T","rcs"
"1331",643,0.969233547511812,"T","rcs"
"1332",644,0.966986131374083,"T","rcs"
"1333",645,0.965041394543077,"T","rcs"
"1334",646,1.0143967081588,"T","rcs"
"1335",647,0.979776157311388,"T","rcs"
"1336",648,0.983219118378446,"T","rcs"
"1337",649,1.0225750910541,"T","rcs"
"1338",650,0.989351682195674,"T","rcs"
"1339",651,0.975903536145871,"T","rcs"
"1340",652,0.985833301363115,"T","rcs"
"1341",653,1.01284219612181,"T","rcs"
"1342",654,0.998342669587719,"T","rcs"
"1343",655,0.975456029824195,"T","rcs"
"1344",656,1.02184401508283,"T","rcs"
"1345",657,0.978905628452061,"T","rcs"
"1346",658,1.0378727397956,"T","rcs"
"1347",659,1.00069804238237,"T","rcs"
"1348",660,1.07427793767567,"T","rcs"
"1349",661,1.0199422498888,"T","rcs"
"1350",662,1.05238066999951,"T","rcs"
"1351",663,1.01576429570269,"T","rcs"
"1352",664,0.994310868457567,"T","rcs"
"1353",665,1.02933377124709,"T","rcs"
"1354",666,1.00236690551772,"T","rcs"
"1355",667,1.03851685060821,"T","rcs"
"1356",668,1.05978753655243,"T","rcs"
"1357",669,1.01460592286768,"T","rcs"
"1358",670,1.0088355832017,"T","rcs"
"1359",671,1.0403843525078,"T","rcs"
"1360",672,1.00546178563311,"T","rcs"
"1361",673,0.990097462935929,"T","rcs"
"1362",674,0.9889654600925,"T","rcs"
"1363",675,1.02462257301307,"T","rcs"
"1364",676,0.992406773332575,"T","rcs"
"1365",677,0.981167071896973,"T","rcs"
"1366",678,0.978664773523124,"T","rcs"
"1367",679,0.978595793791656,"T","rcs"
"1368",680,0.982309549177885,"T","rcs"
"1369",681,1.05587252920167,"T","rcs"
"1370",682,1.04963511334259,"T","rcs"
"1371",683,1.02290086093019,"T","rcs"
"1372",684,1.00645533999816,"T","rcs"
"1373",685,0.986238093748526,"T","rcs"
"1374",686,0.986700919902438,"T","rcs"
"1375",687,0.986715903670402,"T","rcs"
"1376",688,0.985588424011185,"T","rcs"
"1377",689,0.976381600069735,"T","rcs"
"1378",690,0.982634397382365,"T","rcs"
"1379",691,0.985584891999882,"T","rcs"
"1380",692,0.98506112306065,"T","rcs"
"1381",693,0.985763182859715,"T","rcs"
"1382",694,0.993446464029975,"T","rcs"
"1383",695,0.97581507197039,"T","rcs"
"1384",696,0.976514011500642,"T","rcs"
"1385",697,1.02016844814104,"T","rcs"
"1386",698,1.00067331868066,"T","rcs"
"1387",699,0.98670092905037,"T","rcs"
"1388",700,1.0204423932715,"T","rcs"
"1389",701,0.997690534562112,"T","rcs"
"1390",702,0.994258959858039,"T","rcs"
"1391",703,0.979371815626085,"T","rcs"
"1392",704,0.972107582087288,"T","rcs"
"1393",705,0.975953830148346,"T","rcs"
"1394",706,0.964748172979545,"T","rcs"
"1395",707,0.97305801339334,"T","rcs"
"1396",708,0.970333410606183,"T","rcs"
"1397",709,0.996900941826418,"T","rcs"
"1398",710,0.986045030886388,"T","rcs"
"1399",711,0.977525477172992,"T","rcs"
"1400",712,1.0167132398079,"T","rcs"
"1401",713,0.991686820974054,"T","rcs"
"1402",714,1.00673585847861,"T","rcs"
"1403",715,1.02857267684349,"T","rcs"
"1404",716,0.983550752661282,"T","rcs"
"1405",717,1.0219274072419,"T","rcs"
"1406",718,0.982426954851092,"T","rcs"
"1407",719,0.983480155438018,"T","rcs"
"1408",720,0.974963553850401,"T","rcs"
"1409",721,1.00434325370678,"T","rcs"
"1410",722,0.984222440584355,"T","rcs"
"1411",723,0.968614735529847,"T","rcs"
"1412",724,0.975682410463393,"T","rcs"
"1413",725,0.966456559107902,"T","rcs"
"1414",726,0.967242818110568,"T","rcs"
"1415",727,0.996038217189861,"T","rcs"
"1416",728,0.985881407429908,"T","rcs"
"1417",729,0.979142955554289,"T","rcs"
"1418",730,0.97110883438614,"T","rcs"
"1419",731,1.00367206882909,"T","rcs"
"1420",732,0.984667152388226,"T","rcs"
"1421",733,0.981176963784341,"T","rcs"
"1422",734,0.971714606275543,"T","rcs"
"1423",735,0.999785618856881,"T","rcs"
"1424",736,0.978723043563859,"T","rcs"
"1425",737,0.974864244655118,"T","rcs"
"1426",738,0.971254349922868,"T","rcs"
"1427",739,0.974765296846552,"T","rcs"
"1428",740,0.964598478439665,"T","rcs"
"1429",741,0.960522366852853,"T","rcs"
"1430",742,0.962277065133473,"T","rcs"
"1431",743,0.957581399725687,"T","rcs"
"1432",744,0.961563519100769,"T","rcs"
"1433",745,0.952598132334505,"T","rcs"
"1434",746,0.958918619345067,"T","rcs"
"1435",747,0.962457126191774,"T","rcs"
"1436",748,0.992677789113796,"T","rcs"
"1437",749,0.973256333381456,"T","rcs"
"1438",750,0.970708481059042,"T","rcs"
"1439",751,0.969649915666789,"T","rcs"
"1440",752,0.963130770420252,"T","rcs"
"1441",753,0.963050812520772,"T","rcs"
"1442",754,0.96275954665067,"T","rcs"
"1443",755,0.969143174139279,"T","rcs"
"1444",756,0.965808563853427,"T","rcs"
"1445",757,0.965726161744514,"T","rcs"
"1446",758,0.999460039161897,"T","rcs"
"1447",759,0.982276626593141,"T","rcs"
"1448",760,0.971638364172413,"T","rcs"
"1449",761,0.967471221574803,"T","rcs"
"1450",762,0.966526721382698,"T","rcs"
"1451",763,0.964998094191498,"T","rcs"
"1452",764,0.952139463499023,"T","rcs"
"1453",765,0.951795312278907,"T","rcs"
"1454",766,0.958260735425025,"T","rcs"
"1455",767,0.960821009492448,"T","rcs"
"1456",768,0.95631333483064,"T","rcs"
"1457",769,0.959244582353496,"T","rcs"
"1458",770,0.951294827272883,"T","rcs"
"1459",771,0.955206520299516,"T","rcs"
"1460",772,0.952096063087911,"T","rcs"
"1461",773,0.948421347300669,"T","rcs"
"1462",774,0.942526205840151,"T","rcs"
"1463",775,0.935933917297978,"T","rcs"
"1464",776,0.993815680771734,"T","rcs"
"1465",777,0.952317915031191,"T","rcs"
"1466",778,0.951460017434465,"T","rcs"
"1467",779,0.944549062878857,"T","rcs"
"1468",780,0.950031115212323,"T","rcs"
"1469",781,0.94853048986642,"T","rcs"
"1470",782,0.934325222289416,"T","rcs"
"1471",783,0.945622739811257,"T","rcs"
"1472",784,0.935337306537448,"T","rcs"
"1473",785,0.949516564755352,"T","rcs"
"1474",786,0.945620391479505,"T","rcs"
"1475",787,0.9374160047618,"T","rcs"
"1476",788,0.942651086000677,"T","rcs"
"1477",789,0.948229738538718,"T","rcs"
"1478",790,0.945996950076044,"T","rcs"
"1479",791,0.953103526485603,"T","rcs"
"1480",792,0.94452448268306,"T","rcs"
"1481",793,0.949499723043081,"T","rcs"
"1482",794,0.949946297786406,"T","rcs"
"1483",795,0.991452506437464,"T","rcs"
"1484",796,0.974817763075544,"T","rcs"
"1485",797,0.958342211183548,"T","rcs"
"1486",798,0.96909246182468,"T","rcs"
"1487",799,0.958108622442065,"T","rcs"
"1488",800,0.958919824669531,"T","rcs"
"1489",801,0.954070298872165,"T","rcs"
"1490",802,0.946583081609769,"T","rcs"
"1491",803,0.959931678103991,"T","rcs"
"1492",804,0.952486083170406,"T","rcs"
"1493",805,0.954772484996463,"T","rcs"
"1494",806,0.9553477522713,"T","rcs"
"1495",807,0.960869081526326,"T","rcs"
"1496",808,0.964348460429141,"T","rcs"
"1497",809,0.957639656022227,"T","rcs"
"1498",810,0.955210735113431,"T","rcs"
"1499",811,0.959484964728351,"T","rcs"
"1500",812,0.949555150296482,"T","rcs"
"1501",813,0.951069007441143,"T","rcs"
"1502",814,0.941111134253793,"T","rcs"
"1503",815,0.954349954340716,"T","rcs"
"1504",816,0.950808117631715,"T","rcs"
"1505",817,0.94282379031562,"T","rcs"
"1506",818,0.941547158034084,"T","rcs"
"1507",819,0.947876089522393,"T","rcs"
"1508",820,0.993614341075512,"T","rcs"
"1509",821,0.958557307521922,"T","rcs"
"1510",822,0.955691802104443,"T","rcs"
"1511",823,0.957735538078252,"T","rcs"
"1512",824,0.937748331821524,"T","rcs"
"1513",825,0.945764324219797,"T","rcs"
"1514",826,0.990685385795694,"T","rcs"
"1515",827,0.969353493312742,"T","rcs"
"1516",828,0.969034886264882,"T","rcs"
"1517",829,0.956123643988575,"T","rcs"
"1518",830,0.964185528056153,"T","rcs"
"1519",831,0.951977725457025,"T","rcs"
"1520",832,0.952161318392181,"T","rcs"
"1521",833,0.952185037683844,"T","rcs"
"1522",834,0.951459292579444,"T","rcs"
"1523",835,0.943549686226791,"T","rcs"
"1524",836,0.949547561487799,"T","rcs"
"1525",837,0.959841678311639,"T","rcs"
"1526",838,0.954770663956557,"T","rcs"
"1527",839,0.950662718507684,"T","rcs"
"1528",840,0.955215789574903,"T","rcs"
"1529",841,0.951642598524368,"T","rcs"
"1530",842,0.955215937873949,"T","rcs"
"1531",843,0.950802032434891,"T","rcs"
"1532",844,0.956675810451877,"T","rcs"
"1533",845,0.949201105661745,"T","rcs"
"1534",846,0.943314797321429,"T","rcs"
"1535",847,0.949835675161847,"T","rcs"
"1536",848,0.953435819718411,"T","rcs"
"1537",849,0.944941495251145,"T","rcs"
"1538",850,0.952124045267318,"T","rcs"
"1539",851,0.946374987830315,"T","rcs"
"1540",852,0.964586044462123,"T","rcs"
"1541",853,0.952100629755635,"T","rcs"
"1542",854,0.944423895412345,"T","rcs"
"1543",855,0.945697480631828,"T","rcs"
"1544",856,0.949422479170799,"T","rcs"
"1545",857,0.952737637191655,"T","rcs"
"1546",858,0.945543179238797,"T","rcs"
"1547",859,0.947466758158031,"T","rcs"
"1548",860,0.940821329983024,"T","rcs"
"1549",861,0.942526623586361,"T","rcs"
"1550",862,0.944140819866527,"T","rcs"
"1551",863,0.937907094822724,"T","rcs"
"1552",864,0.942799512905116,"T","rcs"
"1553",865,0.937130997624684,"T","rcs"
"1554",866,0.95204156360149,"T","rcs"
"1555",867,0.934470855196648,"T","rcs"
"1556",868,0.948362451126251,"T","rcs"
"1557",869,0.937274293656537,"T","rcs"
"1558",870,0.9352605825969,"T","rcs"
"1559",871,0.940358679918323,"T","rcs"
"1560",872,0.939150614189851,"T","rcs"
"1561",873,0.96714433611539,"T","rcs"
"1562",874,0.941640576303015,"T","rcs"
"1563",875,0.941149494643477,"T","rcs"
"1564",876,0.948660871650719,"T","rcs"
"1565",877,0.929919603838311,"T","rcs"
"1566",878,0.930412832313609,"T","rcs"
"1567",879,0.928593581070997,"T","rcs"
"1568",880,0.934734752162664,"T","rcs"
"1569",881,0.932518459855271,"T","rcs"
"1570",882,0.938740490854112,"T","rcs"
"1571",883,0.94293266702312,"T","rcs"
"1572",884,0.94737001148296,"T","rcs"
"1573",885,0.938486512015881,"T","rcs"
"1574",886,0.946656909513518,"T","rcs"
"1575",887,0.935967060048926,"T","rcs"
"1576",888,0.948427822158116,"T","rcs"
"1577",889,0.948052272903316,"T","rcs"
"1578",890,0.942946456933131,"T","rcs"
"1579",891,0.934476813624305,"T","rcs"
"1580",892,0.935425802743481,"T","rcs"
"1581",893,0.933915825154008,"T","rcs"
"1582",894,0.943404582779835,"T","rcs"
"1583",895,0.977781145694061,"T","rcs"
"1584",896,0.96524162172495,"T","rcs"
"1585",897,0.952779102106083,"T","rcs"
"1586",898,1.03953656510199,"T","rcs"
"1587",899,0.983587749689582,"T","rcs"
"1588",900,1.01480739514473,"T","rcs"
"1589",901,0.976119166030637,"T","rcs"
"1590",902,0.964725577461237,"T","rcs"
"1591",903,0.978255160310283,"T","rcs"
"1592",904,0.962244799530422,"T","rcs"
"1593",905,0.957278406787171,"T","rcs"
"1594",906,1.04264266309029,"T","rcs"
"1595",907,1.00040320655042,"T","rcs"
"1596",908,0.990873280381489,"T","rcs"
"1597",909,0.968283594719623,"T","rcs"
"1598",910,0.975963876777594,"T","rcs"
"1599",911,0.96987056390458,"T","rcs"
"1600",912,0.969178327876438,"T","rcs"
"1601",913,0.975871385011567,"T","rcs"
"1602",914,0.95580209937502,"T","rcs"
"1603",915,0.969778441191023,"T","rcs"
"1604",916,0.969801549656575,"T","rcs"
"1605",917,0.963567551733674,"T","rcs"
"1606",918,0.952141409021574,"T","rcs"
"1607",919,0.956415637144337,"T","rcs"
"1608",920,0.945550728473802,"T","rcs"
"1609",921,0.954908150809644,"T","rcs"
"1610",922,0.958625196552287,"T","rcs"
"1611",923,0.943865546599168,"T","rcs"
"1612",924,0.951156365046356,"T","rcs"
"1613",925,0.993379233748486,"T","rcs"
"1614",926,1.0108040031037,"T","rcs"
"1615",927,1.01117033343068,"T","rcs"
"1616",928,0.999276958708527,"T","rcs"
"1617",929,0.97257030794786,"T","rcs"
"1618",930,0.955943491142873,"T","rcs"
"1619",931,0.956126273118568,"T","rcs"
"1620",932,0.960306902582256,"T","rcs"
"1621",933,1.00741341983953,"T","rcs"
"1622",934,0.973123446070892,"T","rcs"
"1623",935,0.966687354370115,"T","rcs"
"1624",936,0.983285533876377,"T","rcs"
"1625",937,0.971140638046751,"T","rcs"
"1626",938,0.962379388021645,"T","rcs"
"1627",939,0.966151881561006,"T","rcs"
"1628",940,0.980491273001157,"T","rcs"
"1629",941,0.965709692027844,"T","rcs"
"1630",942,0.978978492967117,"T","rcs"
"1631",943,0.975465283334797,"T","rcs"
"1632",944,0.968549644199458,"T","rcs"
"1633",945,0.959537187498924,"T","rcs"
"1634",946,0.953942252236959,"T","rcs"
"1635",947,0.970832929226888,"T","rcs"
"1636",948,0.975295304938706,"T","rcs"
"1637",949,0.965417711422517,"T","rcs"
"1638",950,1.02246320052617,"T","rcs"
"1639",951,0.961328927252042,"T","rcs"
"1640",952,1.01621689493361,"T","rcs"
"1641",953,0.998481024502509,"T","rcs"
"1642",954,0.96929073213969,"T","rcs"
"1643",955,0.956210573404965,"T","rcs"
"1644",956,0.964659916747946,"T","rcs"
"1645",957,1.00040123364285,"T","rcs"
"1646",958,0.975111184128624,"T","rcs"
"1647",959,0.987986369897022,"T","rcs"
"1648",960,1.0100173171981,"T","rcs"
"1649",961,0.984279470092722,"T","rcs"
"1650",962,0.987701003472802,"T","rcs"
"1651",963,0.986010645700096,"T","rcs"
"1652",964,0.97074841348249,"T","rcs"
"1653",965,0.97854025347204,"T","rcs"
"1654",966,0.970137316843594,"T","rcs"
"1655",967,0.974075416278459,"T","rcs"
"1656",968,0.973120520127161,"T","rcs"
"1657",969,0.979837555757785,"T","rcs"
"1658",970,1.00669230872009,"T","rcs"
"1659",971,0.981915748820992,"T","rcs"
"1660",972,0.993012252589832,"T","rcs"
"1661",973,0.978336679281109,"T","rcs"
"1662",974,0.974784506109402,"T","rcs"
"1663",975,0.962754425511038,"T","rcs"
"1664",976,0.952534747166729,"T","rcs"
"1665",977,0.980780231195479,"T","rcs"
"1666",978,0.966737451573305,"T","rcs"
"1667",979,0.960520619623857,"T","rcs"
"1668",980,0.966403522642143,"T","rcs"
"1669",981,0.96824205165788,"T","rcs"
"1670",982,0.942367622236559,"T","rcs"
"1671",983,0.939151839660919,"T","rcs"
"1672",984,0.968386942450385,"T","rcs"
"1673",985,0.955592807232942,"T","rcs"
"1674",986,0.937801774401245,"T","rcs"
"1675",987,0.91837733694584,"T","rcs"
"1676",988,0.949458095328635,"T","rcs"
"1677",989,0.98861691003361,"T","rcs"
"1678",990,1.00663957777672,"T","rcs"
"1679",991,1.01559167144994,"T","rcs"
"1680",992,0.99342822949643,"T","rcs"
"1681",993,1.0670521342641,"T","rcs"
"1682",994,1.00631230561695,"T","rcs"
"1683",995,0.983400024192928,"T","rcs"
"1684",996,0.993862838197776,"T","rcs"
"1685",997,0.976289171397194,"T","rcs"
"1686",998,0.97672857918663,"T","rcs"
"1687",999,0.975774254598838,"T","rcs"
"1688",1000,0.965649925366955,"T","rcs"
"1689",1001,0.96081935113166,"T","rcs"
"1690",1002,1.02360768732177,"T","rcs"
"1691",1003,1.01511508678216,"T","rcs"
"1692",1004,0.976531038494025,"T","rcs"
"1693",1005,1.02086694370275,"T","rcs"
"1694",1006,1.04372157587233,"T","rcs"
"1695",1007,0.997963147938511,"T","rcs"
"1696",1008,0.982419044540045,"T","rcs"
"1697",1009,0.983082902005637,"T","rcs"
"1698",1010,0.975024570243571,"T","rcs"
"1699",1011,0.971992518210073,"T","rcs"
"1700",1012,0.96345100127662,"T","rcs"
"1701",1013,0.980469482848345,"T","rcs"
"1702",1014,0.95899958900762,"T","rcs"
"1703",1015,0.97718385590922,"T","rcs"
"1704",1016,0.985003811278152,"T","rcs"
"1705",1017,0.979333704988322,"T","rcs"
"1706",1018,0.970441888008883,"T","rcs"
"1707",1019,0.994494331879725,"T","rcs"
"1708",1020,0.979019412293305,"T","rcs"
"1709",1021,0.967764503635434,"T","rcs"
"1710",1022,1.06060990869963,"T","rcs"
"1711",1023,1.01612408847937,"T","rcs"
"1712",1024,0.998898907065191,"T","rcs"
"1713",1025,0.976561846888262,"T","rcs"
"1714",1026,0.984604149582086,"T","rcs"
"1715",1027,0.976892412677335,"T","rcs"
"1716",1028,0.982393228237267,"T","rcs"
"1717",1029,0.975074877269457,"T","rcs"
"1718",1030,0.977878250893754,"T","rcs"
"1719",1031,0.97543185816336,"T","rcs"
"1720",1032,0.980778839404642,"T","rcs"
"1721",1033,0.97541504218682,"T","rcs"
"1722",1034,0.962337297734344,"T","rcs"
"1723",1035,1.01660163441994,"T","rcs"
"1724",1036,0.981627680239935,"T","rcs"
"1725",1037,0.968373385998354,"T","rcs"
"1726",1038,0.98390921903163,"T","rcs"
"1727",1039,0.964151899634336,"T","rcs"
"1728",1040,0.966370236989007,"T","rcs"
"1729",1041,0.978894173677726,"T","rcs"
"1730",1042,0.964478048646916,"T","rcs"
"1731",1043,0.960314527337171,"T","rcs"
"1732",1044,0.954247087953963,"T","rcs"
"1733",1045,0.947917962770365,"T","rcs"
"1734",1046,0.984339428748361,"T","rcs"
"1735",1047,0.945539354432767,"T","rcs"
"1736",1048,0.960673387692429,"T","rcs"
"1737",1049,0.949194657185519,"T","rcs"
"1738",1050,0.966307572681894,"T","rcs"
"1739",1051,0.962939709694085,"T","rcs"
"1740",1052,0.956287388682117,"T","rcs"
"1741",1053,0.964473234693918,"T","rcs"
"1742",1054,0.974119149019581,"T","rcs"
"1743",1055,0.987810670797763,"T","rcs"
"1744",1056,0.989873612771833,"T","rcs"
"1745",1057,0.973693098989464,"T","rcs"
"1746",1058,0.966737555706871,"T","rcs"
"1747",1059,0.974100609713604,"T","rcs"
"1748",1060,0.965800399492816,"T","rcs"
"1749",1061,0.970136323498502,"T","rcs"
"1750",1062,0.958353290621581,"T","rcs"
"1751",1063,0.961094980736766,"T","rcs"
"1752",1064,0.960466093250528,"T","rcs"
"1753",1065,0.954903500309482,"T","rcs"
"1754",1066,0.956495377727164,"T","rcs"
"1755",1067,0.944095572877738,"T","rcs"
"1756",1068,0.961769161737632,"T","rcs"
"1757",1069,0.947991397425389,"T","rcs"
"1758",1070,0.942119461550733,"T","rcs"
"1759",1071,0.947371494931814,"T","rcs"
"1760",1072,0.947918749433424,"T","rcs"
"1761",1073,0.939861672597506,"T","rcs"
"1762",1074,0.97858241679839,"T","rcs"
"1763",1075,1.00942889680183,"T","rcs"
"1764",1076,0.976131870505848,"T","rcs"
"1765",1077,0.971042672176197,"T","rcs"
"1766",1078,0.957666647982214,"T","rcs"
"1767",1079,0.966258803155631,"T","rcs"
"1768",1080,0.971713923416744,"T","rcs"
"1769",1081,0.950677970422669,"T","rcs"
"1770",1082,0.948114247491391,"T","rcs"
"1771",1083,0.949611788346128,"T","rcs"
"1772",1084,0.950901418683541,"T","rcs"
"1773",1085,0.962293630149099,"T","rcs"
"1774",1086,0.963842872293889,"T","rcs"
"1775",1087,0.941507582232715,"T","rcs"
"1776",1088,0.962901076330856,"T","rcs"
"1777",1089,0.97048063210635,"T","rcs"
"1778",1090,0.971458381998173,"T","rcs"
"1779",1091,0.951730326610846,"T","rcs"
"1780",1092,0.949773196475085,"T","rcs"
"1781",1093,0.946421382314984,"T","rcs"
"1782",1094,0.956354740776161,"T","rcs"
"1783",1095,0.953606949417498,"T","rcs"
"1784",1096,0.957869965982665,"T","rcs"
"1785",1097,0.939652670689557,"T","rcs"
"1786",1098,0.956348759848138,"T","rcs"
"1787",1099,0.960199296320526,"T","rcs"
"1788",1100,0.954587200754227,"T","rcs"
"1789",1101,0.961052365223609,"T","rcs"
"1790",1102,0.952766787686307,"T","rcs"
"1791",1103,0.955781369299548,"T","rcs"
"1792",1104,0.941154772032112,"T","rcs"
"1793",1105,0.959366964903299,"T","rcs"
"1794",1106,0.95956719297693,"T","rcs"
"1795",1107,0.951331360788037,"T","rcs"
"1796",1108,0.953430499215051,"T","rcs"
"1797",1109,0.939381042611192,"T","rcs"
"1798",1110,0.948022565642467,"T","rcs"
"1799",1111,0.964193392443649,"T","rcs"
"1800",1112,0.956670072796423,"T","rcs"
"1801",1113,0.930791636375124,"T","rcs"
"1802",1114,0.945118848312464,"T","rcs"
"1803",1115,0.952640459657565,"T","rcs"
"1804",1116,0.939347710786075,"T","rcs"
"1805",1117,0.931408025093295,"T","rcs"
"1806",1118,0.928894350055228,"T","rcs"
"1807",1119,0.926389610383532,"T","rcs"
"1808",1120,0.938558681458161,"T","rcs"
"1809",1121,0.950393228140834,"T","rcs"
"1810",1122,0.944484469023546,"T","rcs"
"1811",1123,0.943703363053865,"T","rcs"
"1812",1124,0.934140879131544,"T","rcs"
"1813",1125,0.92876111623221,"T","rcs"
"1814",1126,0.929380713269999,"T","rcs"
"1815",1127,0.913875268740142,"T","rcs"
"1816",1128,0.920325840139523,"T","rcs"
"1817",1129,0.917754313767037,"T","rcs"
"1818",1130,0.929635561514017,"T","rcs"
"1819",1131,0.919240275330962,"T","rcs"
"1820",1132,0.922046019859577,"T","rcs"
"1821",1133,0.987586674974601,"T","rcs"
"1822",1134,0.954044119152443,"T","rcs"
"1823",1135,0.947292220385865,"T","rcs"
"1824",1136,0.948117734765711,"T","rcs"
"1825",1137,0.920302923476394,"T","rcs"
"1826",1138,0.936925393871925,"T","rcs"
"1827",1139,0.939616088576005,"T","rcs"
"1828",1140,0.942619504611218,"T","rcs"
"1829",1141,0.927885657723205,"T","rcs"
"1830",1142,0.934790282678546,"T","rcs"
"1831",1143,0.938429642990565,"T","rcs"
"1832",1144,0.932621858351457,"T","rcs"
"1833",1145,0.938624753383656,"T","rcs"
"1834",1146,0.924570953836812,"T","rcs"
"1835",1147,0.929246792215604,"T","rcs"
"1836",1148,0.941326783283028,"T","rcs"
"1837",1149,0.921867173959894,"T","rcs"
"1838",1150,0.932020074630034,"T","rcs"
"1839",1151,0.932085428015749,"T","rcs"
"1840",1152,0.926974506078943,"T","rcs"
"1841",1153,0.945128765860431,"T","rcs"
"1842",1154,0.944250232049855,"T","rcs"
"1843",1155,0.947778209294954,"T","rcs"
"1844",1156,0.953063177015348,"T","rcs"
"1845",1157,0.923129428532418,"T","rcs"
"1846",1158,0.923011924211821,"T","rcs"
"1847",1159,0.926580874833975,"T","rcs"
"1848",1160,0.939810789877507,"T","rcs"
"1849",1161,0.921351482822192,"T","rcs"
"1850",1162,0.937813528393783,"T","rcs"
"1851",1163,0.962255365392688,"T","rcs"
"1852",1164,0.924489386838684,"T","rcs"
"1853",1165,1.00138655953051,"T","rcs"
"1854",1166,0.944014961691344,"T","rcs"
"1855",1167,1.02826009908194,"T","rcs"
"1856",1168,1.03595318541268,"T","rcs"
"1857",1169,0.974236556006768,"T","rcs"
"1858",1170,0.971511623899966,"T","rcs"
"1859",1171,0.931430401658544,"T","rcs"
"1860",1172,0.952121053810213,"T","rcs"
"1861",1173,1.00506127292933,"T","rcs"
"1862",1174,0.964236557518216,"T","rcs"
"1863",1175,0.986321727996893,"T","rcs"
"1864",1176,0.965755777071605,"T","rcs"
"1865",1177,1.00320224723126,"T","rcs"
"1866",1178,1.01228126250446,"T","rcs"
"1867",1179,0.95613028937712,"T","rcs"
"1868",1180,0.991729388467532,"T","rcs"
"1869",1181,1.02216225289936,"T","rcs"
"1870",1182,0.934132260385766,"T","rcs"
"1871",1183,0.997299036597423,"T","rcs"
"1872",1184,0.991550986151788,"T","rcs"
"1873",1185,0.998083014887376,"T","rcs"
"1874",1186,0.992157511181062,"T","rcs"
"1875",1187,1.03783238336463,"T","rcs"
"1876",1188,1.17399907554479,"T","rcs"
"1877",1189,1.01758337799956,"T","rcs"
"1878",1190,1.00068694959849,"T","rcs"
"1879",1191,0.981099695433599,"T","rcs"
"1880",1192,1.02692476666933,"T","rcs"
"1881",1193,0.965910043125967,"T","rcs"
"1882",1194,0.98875794603762,"T","rcs"
"1883",1195,1.00017996734933,"T","rcs"
"1884",1196,0.976261507169884,"T","rcs"
"1885",1197,0.998467425107921,"T","rcs"
"1886",1198,1.10425673668829,"T","rcs"
"1887",1199,1.05219607176928,"T","rcs"
"1888",1200,1.02566054888647,"T","rcs"
"1889",1201,1.01061288014859,"T","rcs"
"1890",1202,1.01171100805983,"T","rcs"
"1891",1203,1.00988114323439,"T","rcs"
"1892",1204,0.998437379688007,"T","rcs"
"1893",1205,0.98631097095854,"T","rcs"
"1894",1206,0.975541422435444,"T","rcs"
"1895",1207,0.993683246649219,"T","rcs"
"1896",1208,0.979886922881274,"T","rcs"
"1897",1209,0.982721715087004,"T","rcs"
"1898",1210,0.978999874621357,"T","rcs"
"1899",1211,0.994226455091232,"T","rcs"
"1900",1212,0.987792631859021,"T","rcs"
"1901",1213,0.979714397533471,"T","rcs"
"1902",1214,0.957003010424614,"T","rcs"
"1903",1215,0.968884023906138,"T","rcs"
"1904",1216,0.966499885305139,"T","rcs"
"1905",1217,0.958683850078873,"T","rcs"
"1906",1218,0.945470057066218,"T","rcs"
"1907",1219,0.969819430235068,"T","rcs"
"1908",1220,0.971611868378186,"T","rcs"
"1909",1221,0.958120710465954,"T","rcs"
"1910",1222,0.949233338905066,"T","rcs"
"1911",1223,0.939862162658199,"T","rcs"
"1912",1224,0.951449940322061,"T","rcs"
"1913",1225,0.957720517255221,"T","rcs"
"1914",1226,0.957346707554613,"T","rcs"
"1915",1227,0.956925105205784,"T","rcs"
"1916",1228,0.945656540574334,"T","rcs"
"1917",1229,0.961003959362908,"T","rcs"
"1918",1230,0.943540691530013,"T","rcs"
"1919",1231,0.956129485402526,"T","rcs"
"1920",1232,0.93560090255084,"T","rcs"
"1921",1233,0.952452633198357,"T","rcs"
"1922",1234,0.937252469394943,"T","rcs"
"1923",1235,0.939743583157767,"T","rcs"
"1924",1236,0.948579749251756,"T","rcs"
"1925",1237,0.95073333891453,"T","rcs"
"1926",1238,0.953772698186668,"T","rcs"
"1927",1239,0.938826295282892,"T","rcs"
"1928",1240,0.948975551659177,"T","rcs"
"1929",1241,0.938837928240797,"T","rcs"
"1930",1242,0.945628680658623,"T","rcs"
"1931",1243,0.949873532934723,"T","rcs"
"1932",1244,0.95615511473237,"T","rcs"
"1933",1245,0.944372989982468,"T","rcs"
"1934",1246,0.947058836729934,"T","rcs"
"1935",1247,0.945161709371078,"T","rcs"
"1936",1248,0.952551594007831,"T","rcs"
"1937",1249,1.03781024187964,"T","rcs"
"1938",1250,1.18401783743964,"T","rcs"
"1939",1251,1.05209422937012,"T","rcs"
"1940",1252,1.01341818819983,"T","rcs"
"1941",1253,0.988898994677604,"T","rcs"
"1942",1254,0.96526248958148,"T","rcs"
"1943",1255,0.967621340396068,"T","rcs"
"1944",1256,0.973497051483596,"T","rcs"
"1945",1257,0.974114766643648,"T","rcs"
"1946",1258,0.965655875948841,"T","rcs"
"1947",1259,0.97267700471096,"T","rcs"
"1948",1260,0.968517872623681,"T","rcs"
"1949",1261,0.980457206143574,"T","rcs"
"1950",1262,0.971487559426595,"T","rcs"
"1951",1263,0.961929562243747,"T","rcs"
"1952",1264,0.965962993654579,"T","rcs"
"1953",1265,1.05842353475204,"T","rcs"
"1954",1266,1.02476332715405,"T","rcs"
"1955",1267,1.01911679487389,"T","rcs"
"1956",1268,1.01815714447393,"T","rcs"
"1957",1269,1.01036949611468,"T","rcs"
"1958",1270,1.01500522675507,"T","rcs"
"1959",1271,1.00044681590977,"T","rcs"
"1960",1272,0.989306154107688,"T","rcs"
"1961",1273,1.01354963043804,"T","rcs"
"1962",1274,1.00885449350623,"T","rcs"
"1963",1275,0.997297318480003,"T","rcs"
"1964",1276,0.991226802950742,"T","rcs"
"1965",1277,1.0607754254987,"T","rcs"
"1966",1278,1.02301845642851,"T","rcs"
"1967",1279,0.995631207538026,"T","rcs"
"1968",1280,1.00795114297659,"T","rcs"
"1969",1281,1.07605585633786,"T","rcs"
"1970",1282,1.03606023872846,"T","rcs"
"1971",1283,1.01287464741852,"T","rcs"
"1972",1284,1.00505280963633,"T","rcs"
"1973",1285,0.997506519974604,"T","rcs"
"1974",1286,0.9923062920909,"T","rcs"
"1975",1287,0.986328209714031,"T","rcs"
"1976",1288,0.996145169427718,"T","rcs"
"1977",1289,0.999952390720858,"T","rcs"
"1978",1290,1.01008251282871,"T","rcs"
"1979",1291,0.996431673004405,"T","rcs"
"1980",1292,0.999386898536491,"T","rcs"
"1981",1293,0.992475474295172,"T","rcs"
"1982",1294,0.988251160177245,"T","rcs"
"1983",1295,0.99029455959476,"T","rcs"
"1984",1296,0.990206548108173,"T","rcs"
"1985",1297,0.979590883311201,"T","rcs"
"1986",1298,0.977111714113892,"T","rcs"
"1987",1299,0.971431216632682,"T","rcs"
"1988",1300,0.97710973962048,"T","rcs"
"1989",1301,0.973935978689936,"T","rcs"
"1990",1302,0.968997483641845,"T","rcs"
"1991",1303,0.974262060614025,"T","rcs"
"1992",1304,0.968721041599923,"T","rcs"
"1993",1305,0.96393759008455,"T","rcs"
"1994",1306,0.972682834024088,"T","rcs"
"1995",1307,0.963717867112937,"T","rcs"
"1996",1308,0.971206984451289,"T","rcs"
"1997",1309,0.97745278309697,"T","rcs"
"1998",1310,0.973028231999443,"T","rcs"
"1999",1311,0.969814967427559,"T","rcs"
"2000",1312,0.969984278712062,"T","rcs"
"2001",1313,1.03340355193312,"T","rcs"
"2002",1314,0.99574036526897,"T","rcs"
"2003",1315,1.01437239357065,"T","rcs"
"2004",1316,1.00713723990934,"T","rcs"
"2005",1317,0.979954942084686,"T","rcs"
"2006",1318,0.980441604254538,"T","rcs"
"2007",1319,0.982647625746481,"T","rcs"
"2008",1320,1.03451431169276,"T","rcs"
"2009",1321,0.995829489510826,"T","rcs"
"2010",1322,1.03816921298419,"T","rcs"
"2011",1323,1.05907898534256,"T","rcs"
"2012",1324,1.01887955589532,"T","rcs"
"2013",1325,1.0031158075846,"T","rcs"
"2014",1326,0.989363286991117,"T","rcs"
"2015",1327,0.972720011222514,"T","rcs"
"2016",1328,0.989834133678932,"T","rcs"
"2017",1329,0.98114620686739,"T","rcs"
"2018",1330,0.984352891105863,"T","rcs"
"2019",1331,0.979130166276833,"T","rcs"
"2020",1332,0.979589430476313,"T","rcs"
"2021",1333,0.983343337259231,"T","rcs"
"2022",1334,0.975631897671765,"T","rcs"
"2023",1335,0.968285915668839,"T","rcs"
"2024",1336,0.963286651936439,"T","rcs"
"2025",1337,0.963852934685783,"T","rcs"
"2026",1338,0.969051370022721,"T","rcs"
"2027",1339,0.958216311656386,"T","rcs"
"2028",1340,0.967858910835415,"T","rcs"
"2029",1341,0.952130949318691,"T","rcs"
"2030",1342,1.0609262007593,"T","rcs"
"2031",1343,1.00356600213278,"T","rcs"
"2032",1344,0.986642962490535,"T","rcs"
"2033",1345,1.03799317157102,"T","rcs"
"2034",1346,0.99999201721748,"T","rcs"
"2035",1347,0.988008116537141,"T","rcs"
"2036",1348,0.981118188486342,"T","rcs"
"2037",1349,0.972657398276982,"T","rcs"
"2038",1350,0.974118104578991,"T","rcs"
"2039",1351,0.964158461589708,"T","rcs"
"2040",1352,0.982614331360875,"T","rcs"
"2041",1353,0.968982690838492,"T","rcs"
"2042",1354,0.985277116835912,"T","rcs"
"2043",1355,0.984726262872686,"T","rcs"
"2044",1356,0.974866941500154,"T","rcs"
"2045",1357,0.973562489701417,"T","rcs"
"2046",1358,0.971464950641877,"T","rcs"
"2047",1359,0.973763585188895,"T","rcs"
"2048",1360,0.97288194366639,"T","rcs"
"2049",1361,0.961780457964415,"T","rcs"
"2050",1362,0.95613310692238,"T","rcs"
"2051",1363,0.959484525335832,"T","rcs"
"2052",1364,0.961972685823596,"T","rcs"
"2053",1365,0.964476943816531,"T","rcs"
"2054",1366,0.954666925389376,"T","rcs"
"2055",1367,0.962265196356231,"T","rcs"
"2056",1368,0.963442904674092,"T","rcs"
"2057",1369,0.964827454633057,"T","rcs"
"2058",1370,0.963037582662654,"T","rcs"
"2059",1371,0.96932959419751,"T","rcs"
"2060",1372,0.960566018746585,"T","rcs"
"2061",1373,0.960910578388185,"T","rcs"
"2062",1374,0.966371615877347,"T","rcs"
"2063",1375,0.953780044223069,"T","rcs"
"2064",1376,0.956902898513351,"T","rcs"
"2065",1377,1.0131940965706,"T","rcs"
"2066",1378,0.984124926401254,"T","rcs"
"2067",1379,0.970701652619047,"T","rcs"
"2068",1380,0.968346309925545,"T","rcs"
"2069",1381,0.964532489837702,"T","rcs"
"2070",1382,0.956244463940674,"T","rcs"
"2071",1383,0.968276005502734,"T","rcs"
"2072",1384,0.959405873179361,"T","rcs"
"2073",1385,0.964382999959779,"T","rcs"
"2074",1386,0.965829710511841,"T","rcs"
"2075",1387,0.971212942821641,"T","rcs"
"2076",1388,0.963859225885668,"T","rcs"
"2077",1389,0.960228021409178,"T","rcs"
"2078",1390,0.9586387296286,"T","rcs"
"2079",1391,0.960442325178528,"T","rcs"
"2080",1392,0.958762722130238,"T","rcs"
"2081",1393,0.945499986093296,"T","rcs"
"2082",1394,0.956042596856588,"T","rcs"
"2083",1395,0.959547867551989,"T","rcs"
"2084",1396,0.954068097595074,"T","rcs"
"2085",1397,0.967059731742867,"T","rcs"
"2086",1398,0.965999549921209,"T","rcs"
"2087",1399,0.96086476573292,"T","rcs"
"2088",1400,0.946327089467445,"T","rcs"
"2089",1401,0.945869356046485,"T","rcs"
"2090",1402,0.955264499672031,"T","rcs"
"2091",1403,0.939378713293073,"T","rcs"
"2092",1404,0.949151782321366,"T","rcs"
"2093",1405,0.947877796218633,"T","rcs"
"2094",1406,0.949835404782487,"T","rcs"
"2095",1407,0.938404268364567,"T","rcs"
"2096",1408,0.942782559779701,"T","rcs"
"2097",1409,0.946379468799321,"T","rcs"
"2098",1410,0.935113689148035,"T","rcs"
"2099",1411,0.940259867490077,"T","rcs"
"2100",1412,0.938538883400657,"T","rcs"
"2101",1413,0.924924594499759,"T","rcs"
"2102",1414,0.940088431076289,"T","rcs"
"2103",1415,0.951398630050612,"T","rcs"
"2104",1416,0.944577332810901,"T","rcs"
"2105",1417,0.947580678638905,"T","rcs"
"2106",1418,0.929891292270804,"T","rcs"
"2107",1419,0.932947196372482,"T","rcs"
"2108",1420,0.92552311311167,"T","rcs"
"2109",1421,0.937898107517715,"T","rcs"
"2110",1422,0.934070121962204,"T","rcs"
"2111",1423,0.938549380621965,"T","rcs"
"2112",1424,0.954420910682974,"T","rcs"
"2113",1425,0.926531228375363,"T","rcs"
"2114",1426,0.934229112164069,"T","rcs"
"2115",1427,0.927771562374961,"T","rcs"
"2116",1428,0.92958238948035,"T","rcs"
"2117",1429,0.943762897160215,"T","rcs"
"2118",1430,0.981803628791881,"T","rcs"
"2119",1431,1.01840722441329,"T","rcs"
"2120",1432,0.977497628059233,"T","rcs"
"2121",1433,1.01665773481762,"T","rcs"
"2122",1434,1.11423673836053,"T","rcs"
"2123",1435,1.04959417466087,"T","rcs"
"2124",1436,1.07467115676306,"T","rcs"
"2125",1437,1.02084434041242,"T","rcs"
"2126",1438,1.04860945838617,"T","rcs"
"2127",1439,1.03354923975253,"T","rcs"
"2128",1440,1.05164506736952,"T","rcs"
"2129",1441,1.04857628942165,"T","rcs"
"2130",1442,1.02592456175092,"T","rcs"
"2131",1443,1.02984037853978,"T","rcs"
"2132",1444,1.15242057030389,"T","rcs"
"2133",1445,1.06754567664237,"T","rcs"
"2134",1446,1.05938174893855,"T","rcs"
"2135",1447,1.02844088181586,"T","rcs"
"2136",1448,1.03041747274887,"T","rcs"
"2137",1449,1.02102369775296,"T","rcs"
"2138",1450,1.0819378942702,"T","rcs"
"2139",1451,1.06101259050235,"T","rcs"
"2140",1452,1.05984894489851,"T","rcs"
"2141",1453,1.03030179800469,"T","rcs"
"2142",1454,1.0437298479515,"T","rcs"
"2143",1455,1.045312155052,"T","rcs"
"2144",1456,1.0333124344033,"T","rcs"
"2145",1457,1.01517880032753,"T","rcs"
"2146",1458,1.05141549067924,"T","rcs"
"2147",1459,1.02594923141709,"T","rcs"
"2148",1460,1.03464057610305,"T","rcs"
"2149",1461,1.03756672992765,"T","rcs"
"2150",1462,1.01663785025078,"T","rcs"
"2151",1463,1.0068271268866,"T","rcs"
"2152",1464,1.11575096991047,"T","rcs"
"2153",1465,1.26785255038387,"T","rcs"
"2154",1466,1.1536171531013,"T","rcs"
"2155",1467,1.12368486629614,"T","rcs"
"2156",1468,1.06997848353361,"T","rcs"
"2157",1469,1.0484769888767,"T","rcs"
"2158",1470,1.04105265717114,"T","rcs"
"2159",1471,1.06933532359891,"T","rcs"
"2160",1472,1.07637199716298,"T","rcs"
"2161",1473,1.05196316131081,"T","rcs"
"2162",1474,1.04409950120404,"T","rcs"
"2163",1475,1.03890398662795,"T","rcs"
"2164",1476,1.03713145591091,"T","rcs"
"2165",1477,1.01081384455411,"T","rcs"
"2166",1478,1.04826770718246,"T","rcs"
"2167",1479,1.03074699594904,"T","rcs"
"2168",1480,1.06253271508479,"T","rcs"
"2169",1481,1.02144040272659,"T","rcs"
"2170",1482,1.01525408235449,"T","rcs"
"2171",1483,1.00548453879267,"T","rcs"
"2172",1484,0.994679640031974,"T","rcs"
"2173",1485,0.994423291051072,"T","rcs"
"2174",1486,1.00479997164513,"T","rcs"
"2175",1487,0.99902848925506,"T","rcs"
"2176",1488,1.02445918640986,"T","rcs"
"2177",1489,1.00520230109003,"T","rcs"
"2178",1490,1.0002897474511,"T","rcs"
"2179",1491,1.02090531217292,"T","rcs"
"2180",1492,1.03045656580034,"T","rcs"
"2181",1493,1.00635014400161,"T","rcs"
"2182",1494,1.00168364789463,"T","rcs"
"2183",1495,1.01939355654317,"T","rcs"
"2184",1496,1.04126745870399,"T","rcs"
"2185",1497,1.01337866198568,"T","rcs"
"2186",1498,1.00654704304797,"T","rcs"
"2187",1499,1.02839504113556,"T","rcs"
"2188",1500,1.01310515273456,"T","rcs"
"2189",1501,1.00472678518703,"T","rcs"
"2190",1502,1.00728348596867,"T","rcs"
"2191",1503,0.991266481187584,"T","rcs"
"2192",1504,1.02228428848251,"T","rcs"
"2193",1505,1.02466786152736,"T","rcs"
"2194",1506,1.00490533975442,"T","rcs"
"2195",1507,1.02376507876627,"T","rcs"
"2196",1508,1.0012304185393,"T","rcs"
"2197",1509,1.01956978295611,"T","rcs"
"2198",1510,1.03470380594995,"T","rcs"
"2199",1511,1.00134001212912,"T","rcs"
"2200",1512,0.992662661685397,"T","rcs"
"2201",1513,1.02107106207822,"T","rcs"
"2202",1514,0.999868737776401,"T","rcs"
"2203",1515,1.01635171057583,"T","rcs"
"2204",1516,1.00003417851858,"T","rcs"
"2205",1517,0.993393264308194,"T","rcs"
"2206",1518,0.984473767110845,"T","rcs"
"2207",1519,0.982380010594302,"T","rcs"
"2208",1520,1.03573536796873,"T","rcs"
"2209",1521,0.99432181665565,"T","rcs"
"2210",1522,0.988423078220791,"T","rcs"
"2211",1523,0.985081097455506,"T","rcs"
"2212",1524,1.00456283237243,"T","rcs"
"2213",1525,0.986789639413479,"T","rcs"
"2214",1526,0.978483354412202,"T","rcs"
"2215",1527,0.975886233514418,"T","rcs"
"2216",1528,0.97003550459287,"T","rcs"
"2217",1529,0.970554732039811,"T","rcs"
"2218",1530,0.976334084861247,"T","rcs"
"2219",1531,0.973968700521661,"T","rcs"
"2220",1532,0.973243914371185,"T","rcs"
"2221",1533,0.966494545046653,"T","rcs"
"2222",1534,0.9716106852533,"T","rcs"
"2223",1535,0.993440135184237,"T","rcs"
"2224",1536,0.975526791480888,"T","rcs"
"2225",1537,0.972996034364158,"T","rcs"
"2226",1538,0.998155477296917,"T","rcs"
"2227",1539,0.976328568194087,"T","rcs"
"2228",1540,0.971692257067259,"T","rcs"
"2229",1541,0.965167169287928,"T","rcs"
"2230",1542,0.98949585796262,"T","rcs"
"2231",1543,0.971639626692317,"T","rcs"
"2232",1544,0.968144566671047,"T","rcs"
"2233",1545,0.969607580579507,"T","rcs"
"2234",1546,0.991893543171618,"T","rcs"
"2235",1547,0.976611705831551,"T","rcs"
"2236",1548,0.970021324152453,"T","rcs"
"2237",1549,0.957523530559883,"T","rcs"
"2238",1550,0.962880012544704,"T","rcs"
"2239",1551,0.991394278834642,"T","rcs"
"2240",1552,0.974686627976339,"T","rcs"
"2241",1553,0.96620150661701,"T","rcs"
"2242",1554,0.963948457244959,"T","rcs"
"2243",1555,0.962173911719576,"T","rcs"
"2244",1556,0.961322945867002,"T","rcs"
"2245",1557,0.965304527545593,"T","rcs"
"2246",1558,0.962206686442352,"T","rcs"
"2247",1559,0.9603845609114,"T","rcs"
"2248",1560,0.986045755904055,"T","rcs"
"2249",1561,0.967730881620096,"T","rcs"
"2250",1562,0.963264882445677,"T","rcs"
"2251",1563,0.987710967474686,"T","rcs"
"2252",1564,0.993564221772521,"T","rcs"
"2253",1565,0.97674787666669,"T","rcs"
"2254",1566,0.972123165381167,"T","rcs"
"2255",1567,0.96781987361739,"T","rcs"
"2256",1568,0.958071582041778,"T","rcs"
"2257",1569,0.989594974660788,"T","rcs"
"2258",1570,0.969877726798375,"T","rcs"
"2259",1571,0.965895878326324,"T","rcs"
"2260",1572,0.967125959465499,"T","rcs"
"2261",1573,0.963410543305736,"T","rcs"
"2262",1574,0.965724870713174,"T","rcs"
"2263",1575,0.964144994243568,"T","rcs"
"2264",1576,0.965241419446044,"T","rcs"
"2265",1577,0.954701031562889,"T","rcs"
"2266",1578,0.954504261725631,"T","rcs"
"2267",1579,0.959354666614333,"T","rcs"
"2268",1580,0.947223793206365,"T","rcs"
"2269",1581,0.952109231614534,"T","rcs"
"2270",1582,0.956025547731949,"T","rcs"
"2271",1583,0.983059250122389,"T","rcs"
"2272",1584,0.962126165658093,"T","rcs"
"2273",1585,0.956893205490274,"T","rcs"
"2274",1586,0.956935377205972,"T","rcs"
"2275",1587,0.951762293618915,"T","rcs"
"2276",1588,0.946337836730576,"T","rcs"
"2277",1589,0.946944469261453,"T","rcs"
"2278",1590,0.946478111836215,"T","rcs"
"2279",1591,0.946368974327103,"T","rcs"
"2280",1592,0.948019642440684,"T","rcs"
"2281",1593,0.944995306118599,"T","rcs"
"2282",1594,0.953253838222829,"T","rcs"
"2283",1595,0.948984772643085,"T","rcs"
"2284",1596,0.952454056160665,"T","rcs"
"2285",1597,0.950904435043136,"T","rcs"
"2286",1598,0.948274519655533,"T","rcs"
"2287",1599,0.973966664327458,"T","rcs"
"2288",1600,0.984256140347545,"T","rcs"
"2289",1601,0.974426511972536,"T","rcs"
"2290",1602,0.96352178412757,"T","rcs"
"2291",1603,0.954412960991195,"T","rcs"
"2292",1604,0.955489916834009,"T","rcs"
"2293",1605,0.948520454608955,"T","rcs"
"2294",1606,0.956792583227885,"T","rcs"
"2295",1607,0.949153032146629,"T","rcs"
"2296",1608,0.9491680794465,"T","rcs"
"2297",1609,0.94710736817519,"T","rcs"
"2298",1610,0.952352155440351,"T","rcs"
"2299",1611,0.94950018812913,"T","rcs"
"2300",1612,0.943160258218625,"T","rcs"
"2301",1613,0.943899703647053,"T","rcs"
"2302",1614,0.946834854160088,"T","rcs"
"2303",1615,0.986373179433619,"T","rcs"
"2304",1616,0.961906147815933,"T","rcs"
"2305",1617,0.960643716561427,"T","rcs"
"2306",1618,0.979184269657303,"T","rcs"
"2307",1619,0.966076931639972,"T","rcs"
"2308",1620,0.957387854232461,"T","rcs"
"2309",1621,0.956380645417518,"T","rcs"
"2310",1622,0.954251759977362,"T","rcs"
"2311",1623,0.948804808589254,"T","rcs"
"2312",1624,0.949111887439441,"T","rcs"
"2313",1625,0.936698646344254,"T","rcs"
"2314",1626,0.948657101315593,"T","rcs"
"2315",1627,0.941844595232403,"T","rcs"
"2316",1628,0.943577899711628,"T","rcs"
"2317",1629,0.939874088975609,"T","rcs"
"2318",1630,0.938695706031315,"T","rcs"
"2319",1631,0.946248800748357,"T","rcs"
"2320",1632,0.944280940977629,"T","rcs"
"2321",1633,0.943509502437715,"T","rcs"
"2322",1634,0.942547470462736,"T","rcs"
"2323",1635,0.950712361330286,"T","rcs"
"2324",1636,0.950943952576235,"T","rcs"
"2325",1637,0.942931120956726,"T","rcs"
"2326",1638,0.945353266664626,"T","rcs"
"2327",1639,0.943874195221691,"T","rcs"
"2328",1640,0.947414914016082,"T","rcs"
"2329",1641,0.937418238243112,"T","rcs"
"2330",1642,0.937427865242842,"T","rcs"
"2331",1643,0.942708866393641,"T","rcs"
"2332",1644,1.00033356954561,"T","rcs"
"2333",1645,1.004681606263,"T","rcs"
"2334",1646,0.981123972493322,"T","rcs"
"2335",1647,0.999115324808939,"T","rcs"
"2336",1648,0.955922107011456,"T","rcs"
"2337",1649,0.961556290378974,"T","rcs"
"2338",1650,0.95637004393371,"T","rcs"
"2339",1651,0.95876576828021,"T","rcs"
"2340",1652,0.952602941163373,"T","rcs"
"2341",1653,0.960483603758864,"T","rcs"
"2342",1654,0.956813203459731,"T","rcs"
"2343",1655,0.953153744377949,"T","rcs"
"2344",1656,0.957725098332015,"T","rcs"
"2345",1657,0.954562400622219,"T","rcs"
"2346",1658,0.956851329810626,"T","rcs"
"2347",1659,0.958340039126461,"T","rcs"
"2348",1660,0.952241881778322,"T","rcs"
"2349",1661,0.946869093476777,"T","rcs"
"2350",1662,0.952423937147666,"T","rcs"
"2351",1663,0.955348012790796,"T","rcs"
"2352",1664,0.95055637232152,"T","rcs"
"2353",1665,0.946064050282606,"T","rcs"
"2354",1666,0.98835098494165,"T","rcs"
"2355",1667,0.963592162985575,"T","rcs"
"2356",1668,0.959992655948638,"T","rcs"
"2357",1669,0.953763927754992,"T","rcs"
"2358",1670,0.946605680688709,"T","rcs"
"2359",1671,0.952751945189932,"T","rcs"
"2360",1672,0.983152437558743,"T","rcs"
"2361",1673,0.962459263412033,"T","rcs"
"2362",1674,0.959661909423706,"T","rcs"
"2363",1675,0.955505718588566,"T","rcs"
"2364",1676,0.962511045927459,"T","rcs"
"2365",1677,0.952213730906692,"T","rcs"
"2366",1678,0.95467493497577,"T","rcs"
"2367",1679,0.952278040388604,"T","rcs"
"2368",1680,0.951764073454494,"T","rcs"
"2369",1681,0.958910600845498,"T","rcs"
"2370",1682,0.952010084803165,"T","rcs"
"2371",1683,0.9944303226475,"T","rcs"
"2372",1684,0.962237017932502,"T","rcs"
"2373",1685,0.962791107507278,"T","rcs"
"2374",1686,0.951637865356178,"T","rcs"
"2375",1687,0.993414159786495,"T","rcs"
"2376",1688,0.955052761489202,"T","rcs"
"2377",1689,0.994188215800123,"T","rcs"
"2378",1690,0.976368978636932,"T","rcs"
"2379",1691,0.959392221291003,"T","rcs"
"2380",1692,0.999763496481132,"T","rcs"
"2381",1693,0.973405564725658,"T","rcs"
"2382",1694,0.968937379505885,"T","rcs"
"2383",1695,0.962624958960738,"T","rcs"
"2384",1696,0.97036395158389,"T","rcs"
"2385",1697,0.975910213896556,"T","rcs"
"2386",1698,1.01312694372852,"T","rcs"
"2387",1699,0.989459026629572,"T","rcs"
"2388",1700,0.973219039632615,"T","rcs"
"2389",1701,0.96619615045992,"T","rcs"
"2390",1702,0.97041128500723,"T","rcs"
"2391",1703,1.00285662558693,"T","rcs"
"2392",1704,1.00021511877967,"T","rcs"
"2393",1705,0.986212500323393,"T","rcs"
"2394",1706,0.987759742557822,"T","rcs"
"2395",1707,0.974842138020581,"T","rcs"
"2396",1708,0.967237698296655,"T","rcs"
"2397",1709,0.983914071894696,"T","rcs"
"2398",1710,0.96744625519139,"T","rcs"
"2399",1711,0.957687260804843,"T","rcs"
"2400",1712,0.959056611743604,"T","rcs"
"2401",1713,0.958230202875383,"T","rcs"
"2402",1714,0.954176515214067,"T","rcs"
"2403",1715,0.941898554293675,"T","rcs"
"2404",1716,0.961965935607601,"T","rcs"
"2405",1717,0.948852355274035,"T","rcs"
"2406",1718,0.95478532323967,"T","rcs"
"2407",1719,0.966928322992041,"T","rcs"
"2408",1720,0.985412191378792,"T","rcs"
"2409",1721,0.978899943485163,"T","rcs"
"2410",1722,0.959653462861734,"T","rcs"
"2411",1723,1.00295814611825,"T","rcs"
"2412",1724,0.989534398037713,"T","rcs"
"2413",1725,1.01028232893929,"T","rcs"
"2414",1726,1.01733604886529,"T","rcs"
"2415",1727,0.988191590290182,"T","rcs"
"2416",1728,0.997191209498619,"T","rcs"
"2417",1729,0.983109131093215,"T","rcs"
"2418",1730,0.975593556639754,"T","rcs"
"2419",1731,0.973963869420077,"T","rcs"
"2420",1732,0.967104794657266,"T","rcs"
"2421",1733,1.0060887533552,"T","rcs"
"2422",1734,0.987357465660634,"T","rcs"
"2423",1735,0.98603168310887,"T","rcs"
"2424",1736,0.977547738959523,"T","rcs"
"2425",1737,0.975445697458347,"T","rcs"
"2426",1738,0.974703889995145,"T","rcs"
"2427",1739,1.01601107291729,"T","rcs"
"2428",1740,0.99655960215904,"T","rcs"
"2429",1741,0.987867879771237,"T","rcs"
"2430",1742,0.975551150501686,"T","rcs"
"2431",1743,0.974405171186919,"T","rcs"
"2432",1744,1.0120408380774,"T","rcs"
"2433",1745,1.01851994510602,"T","rcs"
"2434",1746,1.00213631844887,"T","rcs"
"2435",1747,0.981635811997268,"T","rcs"
"2436",1748,0.982782577886714,"T","rcs"
"2437",1749,0.97835591586483,"T","rcs"
"2438",1750,0.974099796073518,"T","rcs"
"2439",1751,0.975041922804083,"T","rcs"
"2440",1752,0.968572679398826,"T","rcs"
"2441",1753,0.974113562661947,"T","rcs"
"2442",1754,0.975644969740617,"T","rcs"
"2443",1755,0.970769355042179,"T","rcs"
"2444",1756,0.976264542739019,"T","rcs"
"2445",1757,0.958964144959466,"T","rcs"
"2446",1758,0.966070192925463,"T","rcs"
"2447",1759,0.965975306489089,"T","rcs"
"2448",1760,0.969529930426614,"T","rcs"
"2449",1761,0.960592349643099,"T","rcs"
"2450",1762,0.960290645566472,"T","rcs"
"2451",1763,0.961632529370165,"T","rcs"
"2452",1764,0.963396836753344,"T","rcs"
"2453",1765,0.956825672088698,"T","rcs"
"2454",1766,0.957257173156545,"T","rcs"
"2455",1767,0.955127296390305,"T","rcs"
"2456",1768,0.999339933084702,"T","rcs"
"2457",1769,0.983457813918027,"T","rcs"
"2458",1770,0.975391111261742,"T","rcs"
"2459",1771,0.966701676569555,"T","rcs"
"2460",1772,0.996999486436278,"T","rcs"
"2461",1773,0.97888244766345,"T","rcs"
"2462",1774,0.968868243332815,"T","rcs"
"2463",1775,1.00458244921498,"T","rcs"
"2464",1776,0.972535296606155,"T","rcs"
"2465",1777,0.962435425553163,"T","rcs"
"2466",1778,0.957317747772143,"T","rcs"
"2467",1779,0.999193020168856,"T","rcs"
"2468",1780,0.970222931260578,"T","rcs"
"2469",1781,0.966037194899664,"T","rcs"
"2470",1782,0.961291477485362,"T","rcs"
"2471",1783,1.03636869778794,"T","rcs"
"2472",1784,0.997682011198378,"T","rcs"
"2473",1785,0.98148276092319,"T","rcs"
"2474",1786,1.0109424124046,"T","rcs"
"2475",1787,1.02360617083206,"T","rcs"
"2476",1788,1.00758943427077,"T","rcs"
"2477",1789,0.994157866362033,"T","rcs"
"2478",1790,1.09621045600064,"T","rcs"
"2479",1791,1.07333376351088,"T","rcs"
"2480",1792,1.10471884520428,"T","rcs"
"2481",1793,1.09621131358389,"T","rcs"
"2482",1794,1.17203513776103,"T","rcs"
"2483",1795,1.10647566862561,"T","rcs"
"2484",1796,1.0937008430221,"T","rcs"
"2485",1797,1.080737916099,"T","rcs"
"2486",1798,1.04757112673377,"T","rcs"
"2487",1799,1.06547999200411,"T","rcs"
"2488",1800,1.0513743792762,"T","rcs"
"2489",1801,1.04798007307275,"T","rcs"
"2490",1802,1.0513797924348,"T","rcs"
"2491",1803,1.08223500797676,"T","rcs"
"2492",1804,1.10796652146912,"T","rcs"
"2493",1805,1.08119879390452,"T","rcs"
"2494",1806,1.07384624168515,"T","rcs"
"2495",1807,1.16294621061955,"T","rcs"
"2496",1808,1.12763605683381,"T","rcs"
"2497",1809,1.09044800961322,"T","rcs"
"2498",1810,1.09979235649047,"T","rcs"
"2499",1811,1.09157833688563,"T","rcs"
"2500",1812,1.07625707802752,"T","rcs"
"2501",1813,1.05595551175637,"T","rcs"
"2502",1814,1.07698239147455,"T","rcs"
"2503",1815,1.0491124359726,"T","rcs"
"2504",1816,1.03906230080551,"T","rcs"
"2505",1817,1.05882271725694,"T","rcs"
"2506",1818,1.05103315525178,"T","rcs"
"2507",1819,1.08058857908048,"T","rcs"
"2508",1820,1.10220097062894,"T","rcs"
"2509",1821,1.06590624398314,"T","rcs"
"2510",1822,1.04489928082298,"T","rcs"
"2511",1823,1.03637647048754,"T","rcs"
"2512",1824,1.09852242586245,"T","rcs"
"2513",1825,1.11978468642321,"T","rcs"
"2514",1826,1.07218485277802,"T","rcs"
"2515",1827,1.09542345154651,"T","rcs"
"2516",1828,1.0888464722583,"T","rcs"
"2517",1829,1.06093296123597,"T","rcs"
"2518",1830,1.09171438312679,"T","rcs"
"2519",1831,1.07856399342466,"T","rcs"
"2520",1832,1.06912505444042,"T","rcs"
"2521",1833,1.07595035568695,"T","rcs"
"2522",1834,1.07079329864743,"T","rcs"
"2523",1835,1.08986513072067,"T","rcs"
"2524",1836,1.05722628074937,"T","rcs"
"2525",1837,1.04365958971622,"T","rcs"
"2526",1838,1.02781048350186,"T","rcs"
"2527",1839,1.02525276946641,"T","rcs"
"2528",1840,1.03050228846703,"T","rcs"
"2529",1841,1.03455290484313,"T","rcs"
"2530",1842,1.01638840330449,"T","rcs"
"2531",1843,1.01213332706641,"T","rcs"
"2532",1844,1.02213425855476,"T","rcs"
"2533",1845,1.00965304098239,"T","rcs"
"2534",1846,1.00740668207362,"T","rcs"
"2535",1847,0.992194092994415,"T","rcs"
"2536",1848,1.02290186360876,"T","rcs"
"2537",1849,1.01293349749917,"T","rcs"
"2538",1850,1.03303194676291,"T","rcs"
"2539",1851,1.00666292513076,"T","rcs"
"2540",1852,0.997302423836639,"T","rcs"
"2541",1853,0.991772794220134,"T","rcs"
"2542",1854,1.01427236916789,"T","rcs"
"2543",1855,0.995030199004616,"T","rcs"
"2544",1856,0.997771578087943,"T","rcs"
"2545",1857,1.00091719671348,"T","rcs"
"2546",1858,0.990025363263888,"T","rcs"
"2547",1859,0.985138117559686,"T","rcs"
"2548",1860,0.988621884822603,"T","rcs"
"2549",1861,0.998765420038455,"T","rcs"
"2550",1862,0.985849359593172,"T","rcs"
"2551",1863,0.985738764321123,"T","rcs"
"2552",1864,0.989996491051861,"T","rcs"
"2553",1865,0.983343161593996,"T","rcs"
"2554",1866,0.979895072633416,"T","rcs"
"2555",1867,0.969348867507831,"T","rcs"
"2556",1868,0.959921513241631,"T","rcs"
"2557",1869,0.969682277830918,"T","rcs"
"2558",1870,0.966706286634368,"T","rcs"
"2559",1871,0.967342745246829,"T","rcs"
"2560",1872,0.962448951111066,"T","rcs"
"2561",1873,0.956565818864197,"T","rcs"
"2562",1874,0.958817569440629,"T","rcs"
"2563",1875,0.958965778558072,"T","rcs"
"2564",1876,0.96036441212248,"T","rcs"
"2565",1877,0.950170424723267,"T","rcs"
"2566",1878,0.969855946779113,"T","rcs"
"2567",1879,0.95386166421776,"T","rcs"
"2568",1880,0.949117021410811,"T","rcs"
"2569",1881,0.950924086635717,"T","rcs"
"2570",1882,0.950488677415168,"T","rcs"
"2571",1883,0.963847212784222,"T","rcs"
"2572",1884,0.952225421938356,"T","rcs"
"2573",1885,0.946531932259744,"T","rcs"
"2574",1886,0.949686767669611,"T","rcs"
"2575",1887,0.949663812514969,"T","rcs"
"2576",1888,0.946777022160883,"T","rcs"
"2577",1889,0.947931545881507,"T","rcs"
"2578",1890,0.965891401092159,"T","rcs"
"2579",1891,0.950711988254505,"T","rcs"
"2580",1892,0.954161857683232,"T","rcs"
"2581",1893,0.958444742963039,"T","rcs"
"2582",1894,0.95570355140064,"T","rcs"
"2583",1895,0.947175597592353,"T","rcs"
"2584",1896,0.949921482604361,"T","rcs"
"2585",1897,0.945584834452674,"T","rcs"
"2586",1898,0.947378401425815,"T","rcs"
"2587",1899,0.959220724463089,"T","rcs"
"2588",1900,0.946956419453176,"T","rcs"
"2589",1901,0.958818799957302,"T","rcs"
"2590",1902,0.957900007812675,"T","rcs"
"2591",1903,0.951833531545237,"T","rcs"
"2592",1904,0.954959736248642,"T","rcs"
"2593",1905,0.944081005482178,"T","rcs"
"2594",1906,0.947780248966937,"T","rcs"
"2595",1907,0.938129171449011,"T","rcs"
"2596",1908,0.936276034137638,"T","rcs"
"2597",1909,0.94527614216336,"T","rcs"
"2598",1910,0.94080960291298,"T","rcs"
"2599",1911,0.942863943494551,"T","rcs"
"2600",1912,0.943322867723458,"T","rcs"
"2601",1913,0.935873695239771,"T","rcs"
"2602",1914,0.940794084807273,"T","rcs"
"2603",1915,0.949439819187649,"T","rcs"
"2604",1916,0.951266742735072,"T","rcs"
"2605",1917,0.943671119531136,"T","rcs"
"2606",1918,0.938868117156091,"T","rcs"
"2607",1919,0.942354660245731,"T","rcs"
"2608",1920,0.953559139142557,"T","rcs"
"2609",1921,0.952356824605036,"T","rcs"
"2610",1922,0.952149262986483,"T","rcs"
"2611",1923,0.94567730827596,"T","rcs"
"2612",1924,0.951972365091186,"T","rcs"
"2613",1925,0.971697872923033,"T","rcs"
"2614",1926,0.958742958738646,"T","rcs"
"2615",1927,0.953838284241733,"T","rcs"
"2616",1928,0.955691473991784,"T","rcs"
"2617",1929,0.959842568676581,"T","rcs"
"2618",1930,0.958359557837638,"T","rcs"
"2619",1931,0.952393420900438,"T","rcs"
"2620",1932,0.945721278185356,"T","rcs"
"2621",1933,0.954662029488429,"T","rcs"
"2622",1934,0.951804181342757,"T","rcs"
"2623",1935,0.949026032433276,"T","rcs"
"2624",1936,0.952878519500788,"T","rcs"
"2625",1937,0.945167347174225,"T","rcs"
"2626",1938,0.954338080118523,"T","rcs"
"2627",1939,0.949456411082148,"T","rcs"
"2628",1940,0.95903483258357,"T","rcs"
"2629",1941,0.976552835558699,"T","rcs"
"2630",1942,0.953460132784242,"T","rcs"
"2631",1943,0.957470714198714,"T","rcs"
"2632",1944,0.96041237146787,"T","rcs"
"2633",1945,0.948266037853843,"T","rcs"
"2634",1946,0.981626161373622,"T","rcs"
"2635",1947,0.998062651932438,"T","rcs"
"2636",1948,1.0002491126465,"T","rcs"
"2637",1949,0.97721379697704,"T","rcs"
"2638",1950,0.984271161880325,"T","rcs"
"2639",1951,0.974596688362552,"T","rcs"
"2640",1952,0.996172519764872,"T","rcs"
"2641",1953,0.98366654573416,"T","rcs"
"2642",1954,0.981947389821387,"T","rcs"
"2643",1955,0.983232670185937,"T","rcs"
"2644",1956,0.976758668069769,"T","rcs"
"2645",1957,0.977720061412127,"T","rcs"
"2646",1958,0.980967458545408,"T","rcs"
"2647",1959,0.971113920019551,"T","rcs"
"2648",1960,0.964879816447508,"T","rcs"
"2649",1961,0.964814461282554,"T","rcs"
"2650",1962,0.985053754512438,"T","rcs"
"2651",1963,0.982819220649203,"T","rcs"
"2652",1964,0.988395459122112,"T","rcs"
"2653",1965,0.983005327928544,"T","rcs"
"2654",1966,0.980152586279944,"T","rcs"
"2655",1967,0.973415677992037,"T","rcs"
"2656",1968,0.964326272839705,"T","rcs"
"2657",1969,0.967425206072854,"T","rcs"
"2658",1970,0.97220902434664,"T","rcs"
"2659",1971,0.968062185648575,"T","rcs"
"2660",1972,0.962259944357911,"T","rcs"
"2661",1973,0.970237018530643,"T","rcs"
"2662",1974,0.960709132925808,"T","rcs"
"2663",1975,0.954580796569097,"T","rcs"
"2664",1976,0.959984153389603,"T","rcs"
"2665",1977,0.952955669728757,"T","rcs"
"2666",1978,0.965041208757911,"T","rcs"
"2667",1979,0.962197074052027,"T","rcs"
"2668",1980,0.964554327295201,"T","rcs"
"2669",1981,0.959911258201013,"T","rcs"
"2670",1982,0.959584770916789,"T","rcs"
"2671",1983,0.952863807940227,"T","rcs"
"2672",1984,0.954346886897377,"T","rcs"
"2673",1985,0.958451418479879,"T","rcs"
"2674",1986,0.955152529654396,"T","rcs"
"2675",1987,0.948167742036669,"T","rcs"
"2676",1988,0.946285188085608,"T","rcs"
"2677",1989,0.946801877064037,"T","rcs"
"2678",1990,0.94760546188579,"T","rcs"
"2679",1991,0.947665576683837,"T","rcs"
"2680",1992,0.949994613551306,"T","rcs"
"2681",1993,0.945870964806625,"T","rcs"
"2682",1994,0.945326932835713,"T","rcs"
"2683",1995,0.945184961680838,"T","rcs"
"2684",1996,0.943968571283044,"T","rcs"
"2685",1997,0.940888045534988,"T","rcs"
"2686",1998,0.944900744385627,"T","rcs"
"2687",1999,0.946668661564507,"T","rcs"
"2688",2000,0.941959919600227,"T","rcs"
"2689",2001,0.934642420999148,"T","rcs"
"2690",2002,0.931137793001274,"T","rcs"
"2691",2003,0.903641228486643,"T","rcs"
"2692",2004,0.921674671777922,"T","rcs"
"2693",2005,0.921527879732816,"T","rcs"
"2694",2006,0.933841638852629,"T","rcs"
"2695",2007,0.928308816795328,"T","rcs"
"2696",2008,0.922854883844733,"T","rcs"
"2697",2009,0.964668775568592,"T","rcs"
"2698",2010,0.957325213889706,"T","rcs"
